Workbook

Sheet CUISINE SNACK
E2: EMPLOI DU TEMPS CUISINE SNACK WEEK 36
C5: CUISINE SNACK | G5: =+[1]MAINTENANCE!G5 -> LUNDI | H5: 46244
C6: matin | F6: après-midi | I6: soir
B7: Personne | C7: ENTREE-TEST | D7: sortie | E7: durée | F7: entrée | G7: sortie | H7: durée | I7: entrée | J7: sortie | K7: durée | L7: durée total
A8: P477 | B8: ANYAH | C8: 0.25 | D8: 0.5 | E8: 0.5 | F8: 0.5 | G8: 0.58333333 | H8: 0.083333333 | K8: 0 | L8: 0.33333333
A9: P522 | B9: AVOTRA | C9: 0.41666667 | D9: 0.58333333 | E9: =IF(D9>C9,D9-C9,C9-D9) -> 0.16666667 | H9: =IF(G9>F9,G9-F9,F9-G9) -> 0 | I9: 0.75 | J9: 0.91666667 | K9: =IF(J9>I9,J9-I9,I9-J9) -> 0.16666667 | L9: =E9+H9+K9 -> 0.33333333
A10: P543 | B10: AUGUSTIN | E10: =IF(D10>C10,D10-C10,C10-D10) -> 0 | F10: 0.58333333 | G10: 0.75 | H10: =IF(G10>F10,G10-F10,F10-G10) -> 0.16666667 | I10: 0.75 | J10: 0.91666667 | K10: =IF(J10>I10,J10-I10,I10-J10) -> 0.16666667 | L10: =E10+H10+K10 -> 0.33333333
A11: P404 | B11: EDHINO | C11: 0.25 | D11: 0.5 | E11: 0.25 | F11: 0.5 | G11: 0.58333333 | H11: 0.083333333 | K11: 0 | L11: 0.33333333
A12: P472 | B12: HERMANN | C12: 0.25 | D12: 0.5 | E12: =IF(D12>C12,D12-C12,C12-D12) -> 0.25 | F12: 0.5 | G12: 0.58333333 | H12: =IF(G12>F12,G12-F12,F12-G12) -> 0.083333333 | K12: =IF(J12>I12,J12-I12,I12-J12) -> 0 | L12: =E12+H12+K12 -> 0.33333333
A13: P324 | B13: JEAN CHRYS | E13: =IF(D13>C13,D13-C13,C13-D13) -> 0 | F13: 0.58333333 | G13: 0.75 | H13: =IF(G13>F13,G13-F13,F13-G13) -> 0.16666667 | I13: 0.75 | J13: 0.91666667 | K13: =IF(J13>I13,J13-I13,I13-J13) -> 0.16666667 | L13: =E13+H13+K13 -> 0.33333333
A14: P469 | B14: RAVAKA | E14: =IF(D14>C14,D14-C14,C14-D14) -> 0 | H14: =IF(G14>F14,G14-F14,F14-G14) -> 0 | K14: =IF(J14>I14,J14-I14,I14-J14) -> 0 | L14: =E14+H14+K14 -> 0 | M14: REPOS
A15: P268 | B15: ROLAND | C15: 0.25 | D15: 0.5 | E15: =IF(D15>C15,D15-C15,C15-D15) -> 0.25 | F15: 0.5 | G15: 0.58333333 | H15: =IF(G15>F15,G15-F15,F15-G15) -> 0.083333333 | K15: =IF(J15>I15,J15-I15,I15-J15) -> 0 | L15: =E15+H15+K15 -> 0.33333333
A16: P419 | B16: ZIANI | E16: =IF(D16>C16,D16-C16,C16-D16) -> 0 | H16: =IF(G16>F16,G16-F16,F16-G16) -> 0 | K16: =IF(J16>I16,J16-I16,I16-J16) -> 0 | L16: =E16+H16+K16 -> 0 | M16: REPOS
A17: Stagiaire | B17: JIMMY | C17: 0.25 | D17: 0.5 | E17: =IF(D17>C17,D17-C17,C17-D17) -> 0.25 | F17: 0.5 | G17: 0.58333333 | H17: =IF(G17>F17,G17-F17,F17-G17) -> 0.083333333 | K17: =IF(J17>I17,J17-I17,I17-J17) -> 0 | L17: =E17+H17+K17 -> 0.33333333
E18: =SUM(E8:E17) -> 1.4166667 | H18: =SUM(H8:H17) -> 0.75 | K18: =SUM(K8:K17) -> 0.5 | L18: =SUM(L8:L17) -> 2.6666667
C21: CUISINE SNACK | G21: MARDI | H21: =+H5+1 -> 46245
C22: matin | F22: après-midi | I22: soir
B23: Personne | C23: entrée | D23: sortie | E23: durée | F23: entrée | G23: sortie | H23: durée | I23: entrée | J23: sortie | K23: durée | L23: durée total
A24: P477 | B24: ANYAH | C24: 0.25 | D24: 0.5 | E24: =IF(D24>C24,D24-C24,C24-D24) -> 0.25 | F24: 0.5 | G24: 0.58333333 | H24: =IF(G24>F24,G24-F24,F24-G24) -> 0.083333333 | K24: =IF(J24>I24,J24-I24,I24-J24) -> 0 | L24: =E24+H24+K24 -> 0.33333333
A25: P522 | B25: AVOTRA | E25: =IF(D25>C25,D25-C25,C25-D25) -> 0 | H25: =IF(G25>F25,G25-F25,F25-G25) -> 0 | K25: =IF(J25>I25,J25-I25,I25-J25) -> 0 | L25: =E25+H25+K25 -> 0 | M25: REPOS
A26: P543 | B26: AUGUSTIN | E26: =IF(D26>C26,D26-C26,C26-D26) -> 0 | F26: 0.58333333 | G26: 0.75 | H26: =IF(G26>F26,G26-F26,F26-G26) -> 0.16666667 | I26: 0.75 | J26: 0.91666667 | K26: =IF(J26>I26,J26-I26,I26-J26) -> 0.16666667 | L26: =E26+H26+K26 -> 0.33333333
A27: P404 | B27: EDHINO | E27: =IF(D27>C27,D27-C27,C27-D27) -> 0 | H27: =IF(G27>F27,G27-F27,F27-G27) -> 0 | K27: =IF(J27>I27,J27-I27,I27-J27) -> 0 | L27: =E27+H27+K27 -> 0 | M27: REPOS
A28: P472 | B28: HERMANN | E28: =IF(D28>C28,D28-C28,C28-D28) -> 0 | F28: 0.58333333 | G28: 0.75 | H28: =IF(G28>F28,G28-F28,F28-G28) -> 0.16666667 | I28: 0.75 | J28: 0.91666667 | K28: =IF(J28>I28,J28-I28,I28-J28) -> 0.16666667 | L28: =E28+H28+K28 -> 0.33333333
A29: P324 | B29: JEAN CHRYS | E29: =IF(D29>C29,D29-C29,C29-D29) -> 0 | F29: 0.58333333 | G29: 0.75 | H29: =IF(G29>F29,G29-F29,F29-G29) -> 0.16666667 | I29: 0.75 | J29: 0.91666667 | K29: =IF(J29>I29,J29-I29,I29-J29) -> 0.16666667 | L29: =E29+H29+K29 -> 0.33333333
A30: P469 | B30: RAVAKA | C30: 0.25 | D30: 0.5 | E30: =IF(D30>C30,D30-C30,C30-D30) -> 0.25 | F30: 0.5 | G30: 0.58333333 | H30: =IF(G30>F30,G30-F30,F30-G30) -> 0.083333333 | K30: =IF(J30>I30,J30-I30,I30-J30) -> 0 | L30: =E30+H30+K30 -> 0.33333333
A31: P268 | B31: ROLAND | C31: 0.25 | D31: 0.5 | E31: =IF(D31>C31,D31-C31,C31-D31) -> 0.25 | F31: 0.5 | G31: 0.58333333 | H31: =IF(G31>F31,G31-F31,F31-G31) -> 0.083333333 | K31: =IF(J31>I31,J31-I31,I31-J31) -> 0 | L31: =E31+H31+K31 -> 0.33333333
A32: P419 | B32: ZIANI | E32: =IF(D32>C32,D32-C32,C32-D32) -> 0 | H32: =IF(G32>F32,G32-F32,F32-G32) -> 0 | K32: =IF(J32>I32,J32-I32,I32-J32) -> 0 | L32: =E32+H32+K32 -> 0 | M32: REPOS
A33: Stagiaire | B33: JIMMY | C33: 0.25 | D33: 0.5 | E33: =IF(D33>C33,D33-C33,C33-D33) -> 0.25 | F33: 0.5 | G33: 0.58333333 | H33: =IF(G33>F33,G33-F33,F33-G33) -> 0.083333333 | K33: =IF(J33>I33,J33-I33,I33-J33) -> 0 | L33: =E33+H33+K33 -> 0.33333333
A34: Stagiaire | B34: MANOELA | E34: =IF(D34>C34,D34-C34,C34-D34) -> 0 | F34: 0.58333333 | G34: 0.75 | H34: =IF(G34>F34,G34-F34,F34-G34) -> 0.16666667 | I34: 0.75 | J34: 0.91666667 | K34: =IF(J34>I34,J34-I34,I34-J34) -> 0.16666667 | L34: =E34+H34+K34 -> 0.33333333
E35: =SUM(E24:E34) -> 1 | H35: =SUM(H24:H34) -> 1 | K35: =SUM(K24:K34) -> 0.66666667 | L35: =SUM(L24:L34) -> 2.6666667
C38: CUISINE SNACK | G38: MERCREDI | H38: =+H21+1 -> 46246
C39: matin | F39: après-midi | I39: soir
B40: Personne | C40: entrée | D40: sortie | E40: durée | F40: entrée | G40: sortie | H40: durée | I40: entrée | J40: sortie | K40: durée | L40: durée total
A41: P477 | B41: ANYAH | E41: =IF(D41>C41,D41-C41,C41-D41) -> 0 | H41: =IF(G41>F41,G41-F41,F41-G41) -> 0 | K41: =IF(J41>I41,J41-I41,I41-J41) -> 0 | L41: =E41+H41+K41 -> 0 | M41: REPOS
A42: P522 | B42: AVOTRA | C42: 0.25 | D42: 0.5 | E42: =IF(D42>C42,D42-C42,C42-D42) -> 0.25 | F42: 0.5 | G42: 0.58333333 | H42: =IF(G42>F42,G42-F42,F42-G42) -> 0.083333333 | K42: =IF(J42>I42,J42-I42,I42-J42) -> 0 | L42: =E42+H42+K42 -> 0.33333333
A43: P543 | B43: AUGUSTIN | E43: =IF(D43>C43,D43-C43,C43-D43) -> 0 | F43: 0.58333333 | G43: 0.75 | H43: =IF(G43>F43,G43-F43,F43-G43) -> 0.16666667 | I43: 0.75 | J43: 0.91666667 | K43: =IF(J43>I43,J43-I43,I43-J43) -> 0.16666667 | L43: =E43+H43+K43 -> 0.33333333
A44: P404 | B44: EDHINO | E44: =IF(D44>C44,D44-C44,C44-D44) -> 0 | F44: 0.58333333 | G44: 0.75 | H44: =IF(G44>F44,G44-F44,F44-G44) -> 0.16666667 | I44: 0.75 | J44: 0.91666667 | K44: =IF(J44>I44,J44-I44,I44-J44) -> 0.16666667 | L44: =E44+H44+K44 -> 0.33333333
A45: P472 | B45: HERMANN | E45: =IF(D45>C45,D45-C45,C45-D45) -> 0 | H45: =IF(G45>F45,G45-F45,F45-G45) -> 0 | K45: =IF(J45>I45,J45-I45,I45-J45) -> 0 | L45: =E45+H45+K45 -> 0 | M45: REPOS
A46: P324 | B46: JEAN CHRYS | E46: =IF(D46>C46,D46-C46,C46-D46) -> 0 | F46: 0.58333333 | G46: 0.75 | H46: =IF(G46>F46,G46-F46,F46-G46) -> 0.16666667 | I46: 0.75 | J46: 0.91666667 | K46: =IF(J46>I46,J46-I46,I46-J46) -> 0.16666667 | L46: =E46+H46+K46 -> 0.33333333
A47: P469 | B47: RAVAKA | C47: 0.25 | D47: 0.5 | E47: =IF(D47>C47,D47-C47,C47-D47) -> 0.25 | F47: 0.5 | G47: 0.58333333 | H47: =IF(G47>F47,G47-F47,F47-G47) -> 0.083333333 | K47: =IF(J47>I47,J47-I47,I47-J47) -> 0 | L47: =E47+H47+K47 -> 0.33333333
A48: P268 | B48: ROLAND | C48: 0.25 | D48: 0.5 | E48: =IF(D48>C48,D48-C48,C48-D48) -> 0.25 | F48: 0.5 | G48: 0.58333333 | H48: =IF(G48>F48,G48-F48,F48-G48) -> 0.083333333 | K48: =IF(J48>I48,J48-I48,I48-J48) -> 0 | L48: =E48+H48+K48 -> 0.33333333
A49: P419 | B49: ZIANI | E49: =IF(D49>C49,D49-C49,C49-D49) -> 0 | F49: 0.58333333 | G49: 0.75 | H49: =IF(G49>F49,G49-F49,F49-G49) -> 0.16666667 | I49: 0.75 | J49: 0.91666667 | K49: =IF(J49>I49,J49-I49,I49-J49) -> 0.16666667 | L49: =E49+H49+K49 -> 0.33333333
A50: Stagiaire | B50: JIMMY | E50: =IF(D50>C50,D50-C50,C50-D50) -> 0 | H50: =IF(G50>F50,G50-F50,F50-G50) -> 0 | K50: =IF(J50>I50,J50-I50,I50-J50) -> 0 | L50: =E50+H50+K50 -> 0 | M50: REPOS
A51: Stagiaire | B51: MANOELA | C51: 0.41666667 | D51: 0.58333333 | E51: =IF(D51>C51,D51-C51,C51-D51) -> 0.16666667 | F51: 0.58333333 | G51: 0.75 | H51: =IF(G51>F51,G51-F51,F51-G51) -> 0.16666667 | K51: =IF(J51>I51,J51-I51,I51-J51) -> 0 | L51: =E51+H51+K51 -> 0.33333333
E52: =SUM(E41:E51) -> 0.91666667 | H52: =SUM(H41:H51) -> 1.0833333 | K52: =SUM(K41:K51) -> 0.66666667 | L52: =SUM(L41:L51) -> 2.6666667
C55: CUISINE SNACK | G55: JEUDI | H55: =+H38+1 -> 46247
C56: matin | F56: après-midi | I56: soir
B57: Personne | C57: entrée | D57: sortie | E57: durée | F57: entrée | G57: sortie | H57: durée | I57: entrée | J57: sortie | K57: durée | L57: durée total
A58: P477 | B58: ANYAH | C58: 0.25 | D58: 0.5 | E58: =IF(D58>C58,D58-C58,C58-D58) -> 0.25 | F58: 0.5 | G58: 0.58333333 | H58: =IF(G58>F58,G58-F58,F58-G58) -> 0.083333333 | K58: =IF(J58>I58,J58-I58,I58-J58) -> 0 | L58: =E58+H58+K58 -> 0.33333333
A59: P522 | B59: AVOTRA | E59: =IF(D59>C59,D59-C59,C59-D59) -> 0 | F59: 0.58333333 | G59: 0.75 | H59: =IF(G59>F59,G59-F59,F59-G59) -> 0.16666667 | I59: 0.75 | J59: 0.91666667 | K59: =IF(J59>I59,J59-I59,I59-J59) -> 0.16666667 | L59: =E59+H59+K59 -> 0.33333333
A60: P543 | B60: AUGUSTIN | E60: =IF(D60>C60,D60-C60,C60-D60) -> 0 | H60: =IF(G60>F60,G60-F60,F60-G60) -> 0 | K60: =IF(J60>I60,J60-I60,I60-J60) -> 0 | L60: =E60+H60+K60 -> 0 | M60: REPOS
A61: P404 | B61: EDHINO | E61: =IF(D61>C61,D61-C61,C61-D61) -> 0 | F61: 0.58333333 | G61: 0.75 | H61: =IF(G61>F61,G61-F61,F61-G61) -> 0.16666667 | I61: 0.75 | J61: 0.91666667 | K61: =IF(J61>I61,J61-I61,I61-J61) -> 0.16666667 | L61: =E61+H61+K61 -> 0.33333333
A62: P472 | B62: HERMANN | E62: =IF(D62>C62,D62-C62,C62-D62) -> 0 | F62: 0.58333333 | G62: 0.75 | H62: =IF(G62>F62,G62-F62,F62-G62) -> 0.16666667 | I62: 0.75 | J62: 0.91666667 | K62: =IF(J62>I62,J62-I62,I62-J62) -> 0.16666667 | L62: =E62+H62+K62 -> 0.33333333
A63: P324 | B63: JEAN CHRYS | E63: =IF(D63>C63,D63-C63,C63-D63) -> 0 | F63: 0.58333333 | G63: 0.75 | H63: =IF(G63>F63,G63-F63,F63-G63) -> 0.16666667 | I63: 0.75 | J63: 0.91666667 | K63: =IF(J63>I63,J63-I63,I63-J63) -> 0.16666667 | L63: =E63+H63+K63 -> 0.33333333
A64: P469 | B64: RAVAKA | C64: 0.25 | D64: 0.5 | E64: =IF(D64>C64,D64-C64,C64-D64) -> 0.25 | F64: 0.5 | G64: 0.58333333 | H64: =IF(G64>F64,G64-F64,F64-G64) -> 0.083333333 | K64: =IF(J64>I64,J64-I64,I64-J64) -> 0 | L64: =E64+H64+K64 -> 0.33333333
A65: P268 | B65: ROLAND | C65: 0.25 | D65: 0.5 | E65: =IF(D65>C65,D65-C65,C65-D65) -> 0.25 | F65: 0.5 | G65: 0.58333333 | H65: =IF(G65>F65,G65-F65,F65-G65) -> 0.083333333 | K65: =IF(J65>I65,J65-I65,I65-J65) -> 0 | L65: =E65+H65+K65 -> 0.33333333
A66: P419 | B66: ZIANI | E66: =IF(D66>C66,D66-C66,C66-D66) -> 0 | H66: =IF(G66>F66,G66-F66,F66-G66) -> 0 | K66: =IF(J66>I66,J66-I66,I66-J66) -> 0 | L66: =E66+H66+K66 -> 0 | M66: REPOS
A67: Stagiaire | B67: JIMMY | C67: 0.25 | D67: 0.5 | E67: =IF(D67>C67,D67-C67,C67-D67) -> 0.25 | F67: 0.5 | G67: 0.58333333 | H67: =IF(G67>F67,G67-F67,F67-G67) -> 0.083333333 | K67: =IF(J67>I67,J67-I67,I67-J67) -> 0 | L67: =E67+H67+K67 -> 0.33333333
E68: =SUM(E58:E67) -> 1 | H68: =SUM(H58:H67) -> 1 | K68: =SUM(K58:K67) -> 0.66666667 | L68: =SUM(L58:L67) -> 2.6666667
C71: CUISINE SNACK | G71: VENDREDI | H71: =+H55+1 -> 46248
C72: matin | F72: après-midi | I72: soir
B73: Personne | C73: entrée | D73: sortie | E73: durée | F73: entrée | G73: sortie | H73: durée | I73: entrée | J73: sortie | K73: durée | L73: durée total
A74: P477 | B74: ANYAH | C74: 0.25 | D74: 0.5 | E74: =IF(D74>C74,D74-C74,C74-D74) -> 0.25 | F74: 0.5 | G74: 0.58333333 | H74: =IF(G74>F74,G74-F74,F74-G74) -> 0.083333333 | K74: =IF(J74>I74,J74-I74,I74-J74) -> 0 | L74: =E74+H74+K74 -> 0.33333333
A75: P522 | B75: AVOTRA | E75: =IF(D75>C75,D75-C75,C75-D75) -> 0 | F75: 0.58333333 | G75: 0.75 | H75: =IF(G75>F75,G75-F75,F75-G75) -> 0.16666667 | I75: 0.75 | J75: 0.91666667 | K75: =IF(J75>I75,J75-I75,I75-J75) -> 0.16666667 | L75: =E75+H75+K75 -> 0.33333333
A76: P543 | B76: AUGUSTIN | E76: =IF(D76>C76,D76-C76,C76-D76) -> 0 | H76: =IF(G76>F76,G76-F76,F76-G76) -> 0 | K76: =IF(J76>I76,J76-I76,I76-J76) -> 0 | L76: =E76+H76+K76 -> 0 | M76: REPOS
A77: P404 | B77: EDHINO | E77: =IF(D77>C77,D77-C77,C77-D77) -> 0 | F77: 0.58333333 | G77: 0.75 | H77: =IF(G77>F77,G77-F77,F77-G77) -> 0.16666667 | I77: 0.75 | J77: 0.91666667 | K77: =IF(J77>I77,J77-I77,I77-J77) -> 0.16666667 | L77: =E77+H77+K77 -> 0.33333333
A78: P472 | B78: HERMANN | E78: =IF(D78>C78,D78-C78,C78-D78) -> 0 | F78: 0.58333333 | G78: 0.75 | H78: =IF(G78>F78,G78-F78,F78-G78) -> 0.16666667 | I78: 0.75 | J78: 0.91666667 | K78: =IF(J78>I78,J78-I78,I78-J78) -> 0.16666667 | L78: =E78+H78+K78 -> 0.33333333
A79: P324 | B79: JEAN CHRYS | E79: =IF(D79>C79,D79-C79,C79-D79) -> 0 | H79: =IF(G79>F79,G79-F79,F79-G79) -> 0 | K79: =IF(J79>I79,J79-I79,I79-J79) -> 0 | L79: =E79+H79+K79 -> 0 | M79: REPOS
A80: P469 | B80: RAVAKA | C80: 0.25 | D80: 0.5 | E80: =IF(D80>C80,D80-C80,C80-D80) -> 0.25 | F80: 0.5 | G80: 0.58333333 | H80: =IF(G80>F80,G80-F80,F80-G80) -> 0.083333333 | K80: =IF(J80>I80,J80-I80,I80-J80) -> 0 | L80: =E80+H80+K80 -> 0.33333333
A81: P268 | B81: ROLAND | C81: 0.25 | D81: 0.5 | E81: =IF(D81>C81,D81-C81,C81-D81) -> 0.25 | F81: 0.5 | G81: 0.58333333 | H81: =IF(G81>F81,G81-F81,F81-G81) -> 0.083333333 | K81: =IF(J81>I81,J81-I81,I81-J81) -> 0 | L81: =E81+H81+K81 -> 0.33333333
A82: P419 | B82: ZIANI | E82: =IF(D82>C82,D82-C82,C82-D82) -> 0 | H82: =IF(G82>F82,G82-F82,F82-G82) -> 0 | K82: =IF(J82>I82,J82-I82,I82-J82) -> 0 | L82: =E82+H82+K82 -> 0 | M82: REPOS
A83: Stagiaire | B83: JIMMY | C83: 0.25 | D83: 0.5 | E83: =IF(D83>C83,D83-C83,C83-D83) -> 0.25 | F83: 0.5 | G83: 0.58333333 | H83: =IF(G83>F83,G83-F83,F83-G83) -> 0.083333333 | K83: =IF(J83>I83,J83-I83,I83-J83) -> 0 | L83: =E83+H83+K83 -> 0.33333333
E84: =SUM(E74:E83) -> 1 | H84: =SUM(H74:H83) -> 0.83333333 | K84: =SUM(K74:K83) -> 0.5 | L84: =SUM(L74:L83) -> 2.3333333
C86: CUISINE SNACK | G86: SAMEDI | H86: =+H71+1 -> 46249
C87: matin | F87: après-midi | I87: soir
B88: Personne | C88: entrée | D88: sortie | E88: durée | F88: entrée | G88: sortie | H88: durée | I88: entrée | J88: sortie | K88: durée | L88: durée total
A89: P477 | B89: ANYAH | C89: 0.25 | D89: 0.5 | E89: =IF(D89>C89,D89-C89,C89-D89) -> 0.25 | F89: 0.5 | G89: 0.58333333 | H89: =IF(G89>F89,G89-F89,F89-G89) -> 0.083333333 | K89: =IF(J89>I89,J89-I89,I89-J89) -> 0 | L89: =E89+H89+K89 -> 0.33333333
A90: P522 | B90: AVOTRA | C90: 0.41666667 | D90: 0.58333333 | E90: =IF(D90>C90,D90-C90,C90-D90) -> 0.16666667 | H90: =IF(G90>F90,G90-F90,F90-G90) -> 0 | I90: 0.75 | J90: 0.91666667 | K90: =IF(J90>I90,J90-I90,I90-J90) -> 0.16666667 | L90: =E90+H90+K90 -> 0.33333333
A91: P543 | B91: AUGUSTIN | E91: =IF(D91>C91,D91-C91,C91-D91) -> 0 | F91: 0.58333333 | G91: 0.75 | H91: =IF(G91>F91,G91-F91,F91-G91) -> 0.16666667 | I91: 0.75 | J91: 0.91666667 | K91: =IF(J91>I91,J91-I91,I91-J91) -> 0.16666667 | L91: =E91+H91+K91 -> 0.33333333
A92: P404 | B92: EDHINO | E92: =IF(D92>C92,D92-C92,C92-D92) -> 0 | F92: 0.58333333 | G92: 0.75 | H92: =IF(G92>F92,G92-F92,F92-G92) -> 0.16666667 | I92: 0.75 | J92: 0.91666667 | K92: =IF(J92>I92,J92-I92,I92-J92) -> 0.16666667 | L92: =E92+H92+K92 -> 0.33333333
A93: P472 | B93: HERMANN | C93: 0.41666667 | D93: 0.58333333 | E93: =IF(D93>C93,D93-C93,C93-D93) -> 0.16666667 | F93: 0.58333333 | G93: 0.75 | H93: =IF(G93>F93,G93-F93,F93-G93) -> 0.16666667 | K93: =IF(J93>I93,J93-I93,I93-J93) -> 0 | L93: =E93+H93+K93 -> 0.33333333
A94: P324 | B94: JEAN CHRYS | E94: =IF(D94>C94,D94-C94,C94-D94) -> 0 | F94: 0.58333333 | G94: 0.75 | H94: =IF(G94>F94,G94-F94,F94-G94) -> 0.16666667 | I94: 0.75 | J94: 0.91666667 | K94: =IF(J94>I94,J94-I94,I94-J94) -> 0.16666667 | L94: =E94+H94+K94 -> 0.33333333
A95: P469 | B95: RAVAKA | C95: 0.25 | D95: 0.5 | E95: =IF(D95>C95,D95-C95,C95-D95) -> 0.25 | F95: 0.5 | G95: 0.58333333 | H95: =IF(G95>F95,G95-F95,F95-G95) -> 0.083333333 | K95: =IF(J95>I95,J95-I95,I95-J95) -> 0 | L95: =E95+H95+K95 -> 0.33333333
A96: P268 | B96: ROLAND | C96: 0.25 | D96: 0.5 | E96: =IF(D96>C96,D96-C96,C96-D96) -> 0.25 | F96: 0.5 | G96: 0.58333333 | H96: =IF(G96>F96,G96-F96,F96-G96) -> 0.083333333 | K96: =IF(J96>I96,J96-I96,I96-J96) -> 0 | L96: =E96+H96+K96 -> 0.33333333
A97: P419 | B97: ZIANI | E97: =IF(D97>C97,D97-C97,C97-D97) -> 0 | H97: =IF(G97>F97,G97-F97,F97-G97) -> 0 | K97: =IF(J97>I97,J97-I97,I97-J97) -> 0 | L97: =E97+H97+K97 -> 0 | M97: REPOS
A98: Stagiaire | B98: JIMMY | C98: 0.25 | D98: 0.5 | E98: =IF(D98>C98,D98-C98,C98-D98) -> 0.25 | F98: 0.5 | G98: 0.58333333 | H98: =IF(G98>F98,G98-F98,F98-G98) -> 0.083333333 | K98: =IF(J98>I98,J98-I98,I98-J98) -> 0 | L98: =E98+H98+K98 -> 0.33333333
E99: =SUM(E89:E98) -> 1.3333333 | H99: =SUM(H89:H98) -> 1 | K99: =SUM(K89:K98) -> 0.66666667 | L99: =SUM(L89:L98) -> 3
C101: CUISINE SNACK | G101: DIMANCHE | H101: =+H86+1 -> 46250
C102: matin | F102: après-midi | I102: soir
B103: Personne | C103: entrée | D103: sortie | E103: durée | F103: entrée | G103: sortie | H103: durée | I103: entrée | J103: sortie | K103: durée | L103: durée total
A104: P477 | B104: ANYAH | C104: 0.25 | D104: 0.5 | E104: =IF(D104>C104,D104-C104,C104-D104) -> 0.25 | F104: 0.5 | G104: 0.58333333 | H104: =IF(G104>F104,G104-F104,F104-G104) -> 0.083333333 | K104: =IF(J104>I104,J104-I104,I104-J104) -> 0 | L104: =E104+H104+K104 -> 0.33333333
A105: P522 | B105: AVOTRA | C105: 0.41666667 | D105: 0.58333333 | E105: =IF(D105>C105,D105-C105,C105-D105) -> 0.16666667 | H105: =IF(G105>F105,G105-F105,F105-G105) -> 0 | I105: 0.75 | J105: 0.91666667 | K105: =IF(J105>I105,J105-I105,I105-J105) -> 0.16666667 | L105: =E105+H105+K105 -> 0.33333333
A106: P543 | B106: AUGUSTIN | E106: =IF(D106>C106,D106-C106,C106-D106) -> 0 | F106: 0.58333333 | G106: 0.75 | H106: =IF(G106>F106,G106-F106,F106-G106) -> 0.16666667 | I106: 0.75 | J106: 0.91666667 | K106: =IF(J106>I106,J106-I106,I106-J106) -> 0.16666667 | L106: =E106+H106+K106 -> 0.33333333
A107: P404 | B107: EDHINO | E107: =IF(D107>C107,D107-C107,C107-D107) -> 0 | F107: 0.58333333 | G107: 0.75 | H107: =IF(G107>F107,G107-F107,F107-G107) -> 0.16666667 | I107: 0.75 | J107: 0.91666667 | K107: =IF(J107>I107,J107-I107,I107-J107) -> 0.16666667 | L107: =E107+H107+K107 -> 0.33333333
A108: P472 | B108: HERMANN | C108: 0.25 | D108: 0.5 | E108: =IF(D108>C108,D108-C108,C108-D108) -> 0.25 | F108: 0.5 | G108: 0.58333333 | H108: =IF(G108>F108,G108-F108,F108-G108) -> 0.083333333 | K108: =IF(J108>I108,J108-I108,I108-J108) -> 0 | L108: =E108+H108+K108 -> 0.33333333
A109: P324 | B109: JEAN CHRYS | E109: =IF(D109>C109,D109-C109,C109-D109) -> 0 | F109: 0.58333333 | G109: 0.75 | H109: =IF(G109>F109,G109-F109,F109-G109) -> 0.16666667 | I109: 0.75 | J109: 0.91666667 | K109: =IF(J109>I109,J109-I109,I109-J109) -> 0.16666667 | L109: =E109+H109+K109 -> 0.33333333
A110: P469 | B110: RAVAKA | C110: 0.25 | D110: 0.5 | E110: =IF(D110>C110,D110-C110,C110-D110) -> 0.25 | F110: 0.5 | G110: 0.58333333 | H110: =IF(G110>F110,G110-F110,F110-G110) -> 0.083333333 | K110: =IF(J110>I110,J110-I110,I110-J110) -> 0 | L110: =E110+H110+K110 -> 0.33333333
A111: P268 | B111: ROLAND | E111: =IF(D111>C111,D111-C111,C111-D111) -> 0 | H111: =IF(G111>F111,G111-F111,F111-G111) -> 0 | K111: =IF(J111>I111,J111-I111,I111-J111) -> 0 | L111: =E111+H111+K111 -> 0 | M111: REPOS
A112: P419 | B112: ZIANI | E112: =IF(D112>C112,D112-C112,C112-D112) -> 0 | H112: =IF(G112>F112,G112-F112,F112-G112) -> 0 | K112: =IF(J112>I112,J112-I112,I112-J112) -> 0 | L112: =E112+H112+K112 -> 0 | M112: REPOS
A113: Stagiaire | B113: JIMMY | C113: 0.25 | D113: 0.5 | E113: =IF(D113>C113,D113-C113,C113-D113) -> 0.25 | F113: 0.5 | G113: 0.58333333 | H113: =IF(G113>F113,G113-F113,F113-G113) -> 0.083333333 | K113: =IF(J113>I113,J113-I113,I113-J113) -> 0 | L113: =E113+H113+K113 -> 0.33333333
...

Sheet SALLE SNACK
E2: EMPLOI DU TEMPS SALLE SNACK WEEK 37
C5: SALLE SNACK | G5: LUNDI | H5: 46244
C6: matin | F6: après-midi | I6: soir
B7: Personne | C7: entrée | D7: sortie | E7: durée | F7: entrée | G7: sortie | H7: durée | I7: entrée | J7: sortie | K7: durée | L7: durée total
A8: P513 | B8: FITIA | C8: 0.25 | D8: 0.41666667 | E8: =IF(D8>C8,D8-C8,C8-D8) -> 0.16666667 | F8: 0.58333333 | G8: 0.75 | H8: =IF(G8>F8,G8-F8,F8-G8) -> 0.16666667 | I8: 0.75 | J8: 0.91666667 | K8: =IF(J8>I8,J8-I8,I8-J8) -> 0.16666667 | L8: =E8+H8+K8 -> 0.5
A9: P511 | B9: TAHIRY | E9: =IF(D9>C9,D9-C9,C9-D9) -> 0 | F9: 0.58333333 | G9: 0.75 | H9: =IF(G9>F9,G9-F9,F9-G9) -> 0.16666667 | I9: 0.75 | J9: 0.91666667 | K9: =IF(J9>I9,J9-I9,I9-J9) -> 0.16666667 | L9: =E9+H9+K9 -> 0.33333333
A10: P313 | B10: TANTELY | C10: 0.25 | D10: 0.5 | E10: =IF(D10>C10,D10-C10,C10-D10) -> 0.25 | F10: 0.5 | G10: 0.58333333 | H10: =IF(G10>F10,G10-F10,F10-G10) -> 0.083333333 | K10: =IF(J10>I10,J10-I10,I10-J10) -> 0 | L10: =E10+H10+K10 -> 0.33333333
A11: P474 | B11: TINA | E11: =IF(D11>C11,D11-C11,C11-D11) -> 0 | F11: 0.58333333 | G11: 0.75 | H11: =IF(G11>F11,G11-F11,F11-G11) -> 0.16666667 | I11: 0.75 | J11: 0.91666667 | K11: =IF(J11>I11,J11-I11,I11-J11) -> 0.16666667 | L11: =E11+H11+K11 -> 0.33333333
A12: P540 | B12: CLARAH | E12: =IF(D12>C12,D12-C12,C12-D12) -> 0 | F12: 0.58333333 | G12: 0.75 | H12: =IF(G12>F12,G12-F12,F12-G12) -> 0.16666667 | I12: 0.75 | J12: 0.91666667 | K12: =IF(J12>I12,J12-I12,I12-J12) -> 0.16666667 | L12: =E12+H12+K12 -> 0.33333333
A13: P551 | B13: FIANTSA | C13: 0.25 | D13: 0.5 | E13: =IF(D13>C13,D13-C13,C13-D13) -> 0.25 | F13: 0.5 | G13: 0.58333333 | H13: =IF(G13>F13,G13-F13,F13-G13) -> 0.083333333 | K13: =IF(J13>I13,J13-I13,I13-J13) -> 0 | L13: =E13+H13+K13 -> 0.33333333
A14: P332 | B14: ALIDAH | C14: 0.25 | D14: 0.5 | E14: =IF(D14>C14,D14-C14,C14-D14) -> 0.25 | F14: 0.5 | G14: 0.58333333 | H14: =IF(G14>F14,G14-F14,F14-G14) -> 0.083333333 | K14: =IF(J14>I14,J14-I14,I14-J14) -> 0 | L14: =E14+H14+K14 -> 0.33333333
A15: Stagiaire | B15: CHRISTOPHE | E15: =IF(D15>C15,D15-C15,C15-D15) -> 0 | H15: =IF(G15>F15,G15-F15,F15-G15) -> 0 | K15: =IF(J15>I15,J15-I15,I15-J15) -> 0 | L15: =E15+H15+K15 -> 0 | M15: REPOS
A16: Stagiaire | B16: MITIA | E16: =IF(D16>C16,D16-C16,C16-D16) -> 0 | H16: =IF(G16>F16,G16-F16,F16-G16) -> 0 | K16: =IF(J16>I16,J16-I16,I16-J16) -> 0 | L16: =E16+H16+K16 -> 0 | M16: REPOS
E17: =SUM(E8:E16) -> 0.91666667 | H17: =SUM(H8:H16) -> 0.91666667 | K17: =SUM(K8:K16) -> 0.66666667 | L17: =SUM(L8:L16) -> 2.5
C19: SALLE SNACK | G19: MARDI | H19: =+H5+1 -> 46245
C20: matin | F20: après-midi | I20: soir
B21: Personne | C21: entrée | D21: sortie | E21: durée | F21: entrée | G21: sortie | H21: durée | I21: entrée | J21: sortie | K21: durée | L21: durée total
A22: P513 | B22: FITIA | E22: =IF(D22>C22,D22-C22,C22-D22) -> 0 | H22: =IF(G22>F22,G22-F22,F22-G22) -> 0 | K22: =IF(J22>I22,J22-I22,I22-J22) -> 0 | L22: =E22+H22+K22 -> 0 | M22: REPOS
A23: P511 | B23: TAHIRY | E23: =IF(D23>C23,D23-C23,C23-D23) -> 0 | F23: 0.58333333 | G23: 0.75 | H23: =IF(G23>F23,G23-F23,F23-G23) -> 0.16666667 | I23: 0.75 | J23: 0.91666667 | K23: =IF(J23>I23,J23-I23,I23-J23) -> 0.16666667 | L23: =E23+H23+K23 -> 0.33333333
A24: P313 | B24: TANTELY | C24: 0.25 | D24: 0.5 | E24: =IF(D24>C24,D24-C24,C24-D24) -> 0.25 | F24: 0.5 | G24: 0.58333333 | H24: =IF(G24>F24,G24-F24,F24-G24) -> 0.083333333 | K24: =IF(J24>I24,J24-I24,I24-J24) -> 0 | L24: =E24+H24+K24 -> 0.33333333 | M24: CM
A25: P474 | B25: TINA | E25: =IF(D25>C25,D25-C25,C25-D25) -> 0 | F25: 0.58333333 | G25: 0.75 | H25: =IF(G25>F25,G25-F25,F25-G25) -> 0.16666667 | I25: 0.75 | J25: 0.91666667 | K25: =IF(J25>I25,J25-I25,I25-J25) -> 0.16666667 | L25: =E25+H25+K25 -> 0.33333333 | M25: CM
A26: P540 | B26: CLARAH | E26: =IF(D26>C26,D26-C26,C26-D26) -> 0 | F26: 0.58333333 | G26: 0.75 | H26: =IF(G26>F26,G26-F26,F26-G26) -> 0.16666667 | I26: 0.75 | J26: 0.91666667 | K26: =IF(J26>I26,J26-I26,I26-J26) -> 0.16666667 | L26: =E26+H26+K26 -> 0.33333333
A27: P551 | B27: FIANTSA | C27: 0.25 | D27: 0.5 | E27: =IF(D27>C27,D27-C27,C27-D27) -> 0.25 | F27: 0.5 | G27: 0.58333333 | H27: =IF(G27>F27,G27-F27,F27-G27) -> 0.083333333 | K27: =IF(J27>I27,J27-I27,I27-J27) -> 0 | L27: =E27+H27+K27 -> 0.33333333 | M27: CM
A28: P332 | B28: ALIDAH | C28: 0.25 | D28: 0.5 | E28: =IF(D28>C28,D28-C28,C28-D28) -> 0.25 | F28: 0.5 | G28: 0.58333333 | H28: =IF(G28>F28,G28-F28,F28-G28) -> 0.083333333 | K28: =IF(J28>I28,J28-I28,I28-J28) -> 0 | L28: =E28+H28+K28 -> 0.33333333 | M28: CM
A29: Stagiaire | B29: CHRISTOPHE | C29: 0.25 | D29: 0.5 | E29: =IF(D29>C29,D29-C29,C29-D29) -> 0.25 | F29: 0.5 | G29: 0.58333333 | H29: =IF(G29>F29,G29-F29,F29-G29) -> 0.083333333 | K29: =IF(J29>I29,J29-I29,I29-J29) -> 0 | L29: =E29+H29+K29 -> 0.33333333 | M29: CM
A30: Stagiaire | B30: MITIA | E30: =IF(D30>C30,D30-C30,C30-D30) -> 0 | F30: 0.58333333 | G30: 0.75 | H30: =IF(G30>F30,G30-F30,F30-G30) -> 0.16666667 | I30: 0.75 | J30: 0.91666667 | K30: =IF(J30>I30,J30-I30,I30-J30) -> 0.16666667 | L30: =E30+H30+K30 -> 0.33333333 | M30: CM
E31: =SUM(E22:E30) -> 1 | H31: =SUM(H22:H30) -> 1 | K31: =SUM(K22:K30) -> 0.66666667 | L31: =SUM(L22:L30) -> 2.6666667
C33: SALLE SNACK | G33: MERCREDI | H33: =+H19+1 -> 46246
C34: matin | F34: après-midi | I34: soir
B35: Personne | C35: entrée | D35: sortie | E35: durée | F35: entrée | G35: sortie | H35: durée | I35: entrée | J35: sortie | K35: durée | L35: durée total
A36: P513 | B36: FITIA | E36: =IF(D36>C36,D36-C36,C36-D36) -> 0 | F36: 0.58333333 | G36: 0.75 | H36: =IF(G36>F36,G36-F36,F36-G36) -> 0.16666667 | I36: 0.75 | J36: 0.91666667 | K36: =IF(J36>I36,J36-I36,I36-J36) -> 0.16666667 | L36: =E36+H36+K36 -> 0.33333333
A37: P511 | B37: TAHIRY | E37: =IF(D37>C37,D37-C37,C37-D37) -> 0 | H37: =IF(G37>F37,G37-F37,F37-G37) -> 0 | K37: =IF(J37>I37,J37-I37,I37-J37) -> 0 | L37: =E37+H37+K37 -> 0 | M37: REPOS
A38: P313 | B38: TANTELY | C38: 0.25 | D38: 0.5 | E38: =IF(D38>C38,D38-C38,C38-D38) -> 0.25 | F38: 0.5 | G38: 0.58333333 | H38: =IF(G38>F38,G38-F38,F38-G38) -> 0.083333333 | K38: =IF(J38>I38,J38-I38,I38-J38) -> 0 | L38: =E38+H38+K38 -> 0.33333333
A39: P474 | B39: TINA | E39: =IF(D39>C39,D39-C39,C39-D39) -> 0 | F39: 0.58333333 | G39: 0.75 | H39: =IF(G39>F39,G39-F39,F39-G39) -> 0.16666667 | I39: 0.75 | J39: 0.91666667 | K39: =IF(J39>I39,J39-I39,I39-J39) -> 0.16666667 | L39: =E39+H39+K39 -> 0.33333333
A40: P540 | B40: CLARAH | E40: =IF(D40>C40,D40-C40,C40-D40) -> 0 | F40: 0.58333333 | G40: 0.75 | H40: =IF(G40>F40,G40-F40,F40-G40) -> 0.16666667 | I40: 0.75 | J40: 0.91666667 | K40: =IF(J40>I40,J40-I40,I40-J40) -> 0.16666667 | L40: =E40+H40+K40 -> 0.33333333
A41: P551 | B41: FIANTSA | C41: 0.25 | D41: 0.5 | E41: =IF(D41>C41,D41-C41,C41-D41) -> 0.25 | F41: 0.5 | G41: 0.58333333 | H41: =IF(G41>F41,G41-F41,F41-G41) -> 0.083333333 | K41: =IF(J41>I41,J41-I41,I41-J41) -> 0 | L41: =E41+H41+K41 -> 0.33333333
A42: P332 | B42: ALIDAH | C42: 0.25 | D42: 0.5 | E42: =IF(D42>C42,D42-C42,C42-D42) -> 0.25 | F42: 0.5 | G42: 0.58333333 | H42: =IF(G42>F42,G42-F42,F42-G42) -> 0.083333333 | K42: =IF(J42>I42,J42-I42,I42-J42) -> 0 | L42: =E42+H42+K42 -> 0.33333333
A43: Stagiaire | B43: CHRISTOPHE | C43: 0.25 | D43: 0.5 | E43: =IF(D43>C43,D43-C43,C43-D43) -> 0.25 | F43: 0.5 | G43: 0.58333333 | H43: =IF(G43>F43,G43-F43,F43-G43) -> 0.083333333 | K43: =IF(J43>I43,J43-I43,I43-J43) -> 0 | L43: =E43+H43+K43 -> 0.33333333
A44: Stagiaire | B44: MITIA | E44: =IF(D44>C44,D44-C44,C44-D44) -> 0 | F44: 0.58333333 | G44: 0.75 | H44: =IF(G44>F44,G44-F44,F44-G44) -> 0.16666667 | I44: 0.75 | J44: 0.91666667 | K44: =IF(J44>I44,J44-I44,I44-J44) -> 0.16666667 | L44: =E44+H44+K44 -> 0.33333333
E45: =SUM(E36:E44) -> 1 | H45: =SUM(H36:H44) -> 1 | K45: =SUM(K36:K44) -> 0.66666667 | L45: =SUM(L36:L44) -> 2.6666667
C47: SALLE SNACK | G47: JEUDI | H47: =+H33+1 -> 46247
C48: matin | F48: après-midi | I48: soir
B49: Personne | C49: entrée | D49: sortie | E49: durée | F49: entrée | G49: sortie | H49: durée | I49: entrée | J49: sortie | K49: durée | L49: durée total
A50: P513 | B50: FITIA | E50: =IF(D50>C50,D50-C50,C50-D50) -> 0 | F50: 0.58333333 | G50: 0.75 | H50: =IF(G50>F50,G50-F50,F50-G50) -> 0.16666667 | I50: 0.75 | J50: 0.91666667 | K50: =IF(J50>I50,J50-I50,I50-J50) -> 0.16666667 | L50: =E50+H50+K50 -> 0.33333333
A51: P511 | B51: TAHIRY | C51: 0.25 | D51: 0.5 | E51: =IF(D51>C51,D51-C51,C51-D51) -> 0.25 | F51: 0.5 | G51: 0.58333333 | H51: =IF(G51>F51,G51-F51,F51-G51) -> 0.083333333 | K51: =IF(J51>I51,J51-I51,I51-J51) -> 0 | L51: =E51+H51+K51 -> 0.33333333 | M51: CM
A52: P313 | B52: TANTELY | C52: 0.25 | D52: 0.5 | E52: =IF(D52>C52,D52-C52,C52-D52) -> 0.25 | F52: 0.5 | G52: 0.58333333 | H52: =IF(G52>F52,G52-F52,F52-G52) -> 0.083333333 | K52: =IF(J52>I52,J52-I52,I52-J52) -> 0 | L52: =E52+H52+K52 -> 0.33333333 | M52: CM
A53: P474 | B53: TINA | E53: =IF(D53>C53,D53-C53,C53-D53) -> 0 | F53: 0.58333333 | G53: 0.75 | H53: =IF(G53>F53,G53-F53,F53-G53) -> 0.16666667 | I53: 0.75 | J53: 0.91666667 | K53: =IF(J53>I53,J53-I53,I53-J53) -> 0.16666667 | L53: =E53+H53+K53 -> 0.33333333
A54: P540 | B54: CLARAH | C54: 0.25 | D54: 0.5 | E54: =IF(D54>C54,D54-C54,C54-D54) -> 0.25 | F54: 0.5 | G54: 0.58333333 | H54: =IF(G54>F54,G54-F54,F54-G54) -> 0.083333333 | K54: =IF(J54>I54,J54-I54,I54-J54) -> 0 | L54: =E54+H54+K54 -> 0.33333333 | M54: CM
A55: P551 | B55: FIANTSA | E55: =IF(D55>C55,D55-C55,C55-D55) -> 0 | F55: 0.58333333 | G55: 0.75 | H55: =IF(G55>F55,G55-F55,F55-G55) -> 0.16666667 | I55: 0.75 | J55: 0.91666667 | K55: =IF(J55>I55,J55-I55,I55-J55) -> 0.16666667 | L55: =E55+H55+K55 -> 0.33333333
A56: P332 | B56: ALIDAH | E56: =IF(D56>C56,D56-C56,C56-D56) -> 0 | H56: =IF(G56>F56,G56-F56,F56-G56) -> 0 | K56: =IF(J56>I56,J56-I56,I56-J56) -> 0 | L56: =E56+H56+K56 -> 0 | M56: REPOS
A57: Stagiaire | B57: CHRISTOPHE | E57: =IF(D57>C57,D57-C57,C57-D57) -> 0 | F57: 0.58333333 | G57: 0.75 | H57: =IF(G57>F57,G57-F57,F57-G57) -> 0.16666667 | I57: 0.75 | J57: 0.91666667 | K57: =IF(J57>I57,J57-I57,I57-J57) -> 0.16666667 | L57: =E57+H57+K57 -> 0.33333333
A58: Stagiaire | B58: MITIA | C58: 0.25 | D58: 0.41666667 | E58: =IF(D58>C58,D58-C58,C58-D58) -> 0.16666667 | H58: =IF(G58>F58,G58-F58,F58-G58) -> 0 | I58: 0.75 | J58: 0.91666667 | K58: =IF(J58>I58,J58-I58,I58-J58) -> 0.16666667 | L58: =E58+H58+K58 -> 0.33333333
E59: =SUM(E50:E58) -> 0.91666667 | H59: =SUM(H50:H58) -> 0.91666667 | K59: =SUM(K50:K58) -> 0.83333333 | L59: =SUM(L50:L58) -> 2.6666667
C62: SALLE SNACK | G62: VENDREDI | H62: =+H47+1 -> 46248
C63: matin | F63: après-midi | I63: soir
B64: Personne | C64: entrée | D64: sortie | E64: durée | F64: entrée | G64: sortie | H64: durée | I64: entrée | J64: sortie | K64: durée | L64: durée total
A65: P513 | B65: FITIA | E65: =IF(D65>C65,D65-C65,C65-D65) -> 0 | F65: 0.58333333 | G65: 0.75 | H65: =IF(G65>F65,G65-F65,F65-G65) -> 0.16666667 | I65: 0.75 | J65: 0.91666667 | K65: =IF(J65>I65,J65-I65,I65-J65) -> 0.16666667 | L65: =E65+H65+K65 -> 0.33333333
A66: P511 | B66: TAHIRY | C66: 0.25 | D66: 0.5 | E66: =IF(D66>C66,D66-C66,C66-D66) -> 0.25 | F66: 0.5 | G66: 0.58333333 | H66: =IF(G66>F66,G66-F66,F66-G66) -> 0.083333333 | K66: =IF(J66>I66,J66-I66,I66-J66) -> 0 | L66: =E66+H66+K66 -> 0.33333333
A67: P313 | B67: TANTELY | C67: 0.25 | D67: 0.5 | E67: =IF(D67>C67,D67-C67,C67-D67) -> 0.25 | F67: 0.5 | G67: 0.58333333 | H67: =IF(G67>F67,G67-F67,F67-G67) -> 0.083333333 | K67: =IF(J67>I67,J67-I67,I67-J67) -> 0 | L67: =E67+H67+K67 -> 0.33333333
A68: P474 | B68: TINA | C68: 0.25 | D68: 0.5 | E68: =IF(D68>C68,D68-C68,C68-D68) -> 0.25 | F68: 0.5 | G68: 0.58333333 | H68: =IF(G68>F68,G68-F68,F68-G68) -> 0.083333333 | K68: =IF(J68>I68,J68-I68,I68-J68) -> 0 | L68: =E68+H68+K68 -> 0.33333333
A69: P540 | B69: CLARAH | C69: 0.25 | D69: 0.5 | E69: =IF(D69>C69,D69-C69,C69-D69) -> 0.25 | F69: 0.5 | G69: 0.58333333 | H69: =IF(G69>F69,G69-F69,F69-G69) -> 0.083333333 | K69: =IF(J69>I69,J69-I69,I69-J69) -> 0 | L69: =E69+H69+K69 -> 0.33333333
A70: P551 | B70: FIANTSA | E70: =IF(D70>C70,D70-C70,C70-D70) -> 0 | H70: =IF(G70>F70,G70-F70,F70-G70) -> 0 | K70: =IF(J70>I70,J70-I70,I70-J70) -> 0 | L70: =E70+H70+K70 -> 0 | M70: REPOS
A71: P332 | B71: ALIDAH | C71: 0.25 | D71: 0.41666667 | E71: =IF(D71>C71,D71-C71,C71-D71) -> 0.16666667 | H71: =IF(G71>F71,G71-F71,F71-G71) -> 0 | I71: 0.75 | J71: 0.91666667 | K71: =IF(J71>I71,J71-I71,I71-J71) -> 0.16666667 | L71: =E71+H71+K71 -> 0.33333333
A72: P457 | B72: LYDIA | E72: =IF(D72>C72,D72-C72,C72-D72) -> 0 | F72: 0.58333333 | G72: 0.75 | H72: =IF(G72>F72,G72-F72,F72-G72) -> 0.16666667 | I72: 0.75 | J72: 0.91666667 | K72: =IF(J72>I72,J72-I72,I72-J72) -> 0.16666667 | L72: =E72+H72+K72 -> 0.33333333
A73: Stagiaire | B73: CHRISTOPHE | E73: =IF(D73>C73,D73-C73,C73-D73) -> 0 | F73: 0.58333333 | G73: 0.75 | H73: =IF(G73>F73,G73-F73,F73-G73) -> 0.16666667 | I73: 0.75 | J73: 0.91666667 | K73: =IF(J73>I73,J73-I73,I73-J73) -> 0.16666667 | L73: =E73+H73+K73 -> 0.33333333
A74: Stagiaire | B74: MITIA | E74: =IF(D74>C74,D74-C74,C74-D74) -> 0 | F74: 0.58333333 | G74: 0.75 | H74: =IF(G74>F74,G74-F74,F74-G74) -> 0.16666667 | I74: 0.75 | J74: 0.91666667 | K74: =IF(J74>I74,J74-I74,I74-J74) -> 0.16666667 | L74: =E74+H74+K74 -> 0.33333333
E75: =SUM(E65:E74) -> 1.1666667 | H75: =SUM(H65:H74) -> 1 | K75: =SUM(K65:K74) -> 0.83333333 | L75: =SUM(L65:L74) -> 3
C78: SALLE SNACK | G78: SAMEDI | H78: =+H62+1 -> 46249
C79: matin | F79: après-midi | I79: soir
B80: Personne | C80: entrée | D80: sortie | E80: durée | F80: entrée | G80: sortie | H80: durée | I80: entrée | J80: sortie | K80: durée | L80: durée total
A81: P513 | B81: FITIA | E81: =IF(D81>C81,D81-C81,C81-D81) -> 0 | F81: 0.58333333 | G81: 0.75 | H81: =IF(G81>F81,G81-F81,F81-G81) -> 0.16666667 | I81: 0.75 | J81: 0.91666667 | K81: =IF(J81>I81,J81-I81,I81-J81) -> 0.16666667 | L81: =E81+H81+K81 -> 0.33333333
A82: P511 | B82: TAHIRY | C82: 0.25 | D82: 0.41666667 | E82: =IF(D82>C82,D82-C82,C82-D82) -> 0.16666667 | H82: =IF(G82>F82,G82-F82,F82-G82) -> 0 | I82: 0.75 | J82: 0.91666667 | K82: =IF(J82>I82,J82-I82,I82-J82) -> 0.16666667 | L82: =E82+H82+K82 -> 0.33333333
A83: P313 | B83: TANTELY | C83: 0.25 | D83: 0.5 | E83: =IF(D83>C83,D83-C83,C83-D83) -> 0.25 | F83: 0.5 | G83: 0.58333333 | H83: =IF(G83>F83,G83-F83,F83-G83) -> 0.083333333 | K83: =IF(J83>I83,J83-I83,I83-J83) -> 0 | L83: =E83+H83+K83 -> 0.33333333 | M83: CM
A84: P474 | B84: TINA | E84: =IF(D84>C84,D84-C84,C84-D84) -> 0 | H84: =IF(G84>F84,G84-F84,F84-G84) -> 0 | K84: =IF(J84>I84,J84-I84,I84-J84) -> 0 | L84: =E84+H84+K84 -> 0 | M84: REPOS
A85: P540 | B85: CLARAH | C85: 0.25 | D85: 0.5 | E85: =IF(D85>C85,D85-C85,C85-D85) -> 0.25 | F85: 0.5 | G85: 0.58333333 | H85: =IF(G85>F85,G85-F85,F85-G85) -> 0.083333333 | K85: =IF(J85>I85,J85-I85,I85-J85) -> 0 | L85: =E85+H85+K85 -> 0.33333333
A86: P551 | B86: FIANTSA | E86: =IF(D86>C86,D86-C86,C86-D86) -> 0 | F86: 0.58333333 | G86: 0.75 | H86: =IF(G86>F86,G86-F86,F86-G86) -> 0.16666667 | I86: 0.75 | J86: 0.91666667 | K86: =IF(J86>I86,J86-I86,I86-J86) -> 0.16666667 | L86: =E86+H86+K86 -> 0.33333333
A87: P332 | B87: ALIDAH | C87: 0.25 | D87: 0.41666667 | E87: =IF(D87>C87,D87-C87,C87-D87) -> 0.16666667 | H87: =IF(G87>F87,G87-F87,F87-G87) -> 0 | I87: 0.75 | J87: 0.91666667 | K87: =IF(J87>I87,J87-I87,I87-J87) -> 0.16666667 | L87: =E87+H87+K87 -> 0.33333333
A88: Stagiaire | B88: CHRISTOPHE | E88: =IF(D88>C88,D88-C88,C88-D88) -> 0 | F88: 0.58333333 | G88: 0.75 | H88: =IF(G88>F88,G88-F88,F88-G88) -> 0.16666667 | I88: 0.75 | J88: 0.91666667 | K88: =IF(J88>I88,J88-I88,I88-J88) -> 0.16666667 | L88: =E88+H88+K88 -> 0.33333333
A89: Stagiaire | B89: MITIA | C89: 0.25 | D89: 0.5 | E89: =IF(D89>C89,D89-C89,C89-D89) -> 0.25 | F89: 0.5 | G89: 0.58333333 | H89: =IF(G89>F89,G89-F89,F89-G89) -> 0.083333333 | K89: =IF(J89>I89,J89-I89,I89-J89) -> 0 | L89: =E89+H89+K89 -> 0.33333333
E90: =SUM(E81:E89) -> 1.0833333 | H90: =SUM(H81:H88) -> 0.66666667 | K90: =SUM(K81:K89) -> 0.83333333 | L90: =SUM(L81:L89) -> 2.6666667
C92: SALLE SNACK | G92: DIMANCHE | H92: =+H78+1 -> 46250
C93: matin | F93: après-midi | I93: soir
B94: Personne | C94: entrée | D94: sortie | E94: durée | F94: entrée | G94: sortie | H94: durée | I94: entrée | J94: sortie | K94: durée | L94: durée total
A95: P513 | B95: FITIA | E95: =IF(D95>C95,D95-C95,C95-D95) -> 0 | F95: 0.58333333 | G95: 0.75 | H95: =IF(G95>F95,G95-F95,F95-G95) -> 0.16666667 | I95: 0.75 | J95: 0.91666667 | K95: =IF(J95>I95,J95-I95,I95-J95) -> 0.16666667 | L95: =E95+H95+K95 -> 0.33333333
A96: P511 | B96: TAHIRY | C96: 0.25 | D96: 0.5 | E96: =IF(D96>C96,D96-C96,C96-D96) -> 0.25 | F96: 0.5 | G96: 0.58333333 | H96: =IF(G96>F96,G96-F96,F96-G96) -> 0.083333333 | K96: =IF(J96>I96,J96-I96,I96-J96) -> 0 | L96: =E96+H96+K96 -> 0.33333333
A97: P313 | B97: TANTELY | E97: =IF(D97>C97,D97-C97,C97-D97) -> 0 | H97: =IF(G97>F97,G97-F97,F97-G97) -> 0 | K97: =IF(J97>I97,J97-I97,I97-J97) -> 0 | L97: =E97+H97+K97 -> 0 | M97: REPOS
A98: P474 | B98: TINA | E98: =IF(D98>C98,D98-C98,C98-D98) -> 0 | F98: 0.58333333 | G98: 0.75 | H98: =IF(G98>F98,G98-F98,F98-G98) -> 0.16666667 | I98: 0.75 | J98: 0.91666667 | K98: =IF(J98>I98,J98-I98,I98-J98) -> 0.16666667 | L98: =E98+H98+K98 -> 0.33333333
A99: P540 | B99: CLARAH | E99: =IF(D99>C99,D99-C99,C99-D99) -> 0 | H99: =IF(G99>F99,G99-F99,F99-G99) -> 0 | K99: =IF(J99>I99,J99-I99,I99-J99) -> 0 | L99: =E99+H99+K99 -> 0 | M99: REPOS
A100: P551 | B100: FIANTSA | C100: 0.25 | D100: 0.5 | E100: =IF(D100>C100,D100-C100,C100-D100) -> 0.25 | F100: 0.5 | G100: 0.58333333 | H100: =IF(G100>F100,G100-F100,F100-G100) -> 0.083333333 | K100: =IF(J100>I100,J100-I100,I100-J100) -> 0 | L100: =E100+H100+K100 -> 0.33333333
A101: P457 | B101: LYDIA | E101: =IF(D101>C101,D101-C101,C101-D101) -> 0 | F101: 0.58333333 | G101: 0.75 | H101: =IF(G101>F101,G101-F101,F101-G101) -> 0.16666667 | I101: 0.75 | J101: 0.91666667 | K101: =IF(J101>I101,J101-I101,I101-J101) -> 0.16666667 | L101: =E101+H101+K101 -> 0.33333333
A102: P332 | B102: ALIDAH | C102: 0.25 | D102: 0.5 | E102: =IF(D102>C102,D102-C102,C102-D102) -> 0.25 | F102: 0.5 | G102: 0.58333333 | H102: =IF(G102>F102,G102-F102,F102-G102) -> 0.083333333 | K102: =IF(J102>I102,J102-I102,I102-J102) -> 0 | L102: =E102+H102+K102 -> 0.33333333
A103: Stagiaire | B103: CHRISTOPHE | E103: =IF(D103>C103,D103-C103,C103-D103) -> 0 | F103: 0.58333333 | G103: 0.75 | H103: =IF(G103>F103,G103-F103,F103-G103) -> 0.16666667 | I103: 0.75 | J103: 0.91666667 | K103: =IF(J103>I103,J103-I103,I103-J103) -> 0.16666667 | L103: =E103+H103+K103 -> 0.33333333
A104: Stagiaire | B104: MITIA | C104: 0.25 | D104: 0.5 | E104: =IF(D104>C104,D104-C104,C104-D104) -> 0.25 | F104: 0.5 | G104: 0.58333333 | H104: =IF(G104>F104,G104-F104,F104-G104) -> 0.083333333 | K104: =IF(J104>I104,J104-I104,I104-J104) -> 0 | L104: =E104+H104+K104 -> 0.33333333
E105: =SUM(E95:E104) -> 1 | H105: =SUM(H95:H104) -> 1 | K105: =SUM(K95:K104) -> 0.66666667 | L105: =SUM(L95:L104) -> 2.6666667

Sheet PATISS-PIZZA
E2: EMPLOI DU TEMPS PATISSERIE-PIZZA WEEK 36
C5: PATISSERIE & PIZZA | G5: =+MAINTENANCE!G5 -> LUNDI | H5: =+'CUISINE SNACK'!H5 -> 46244
C6: matin | F6: après-midi | I6: soir
B7: Personne | C7: entrée | D7: sortie | E7: durée | F7: entrée | G7: sortie | H7: durée | I7: entrée | J7: sortie | K7: durée | L7: durée total
A8: P497 | B8: FREDDY | C8: 0.1875 | D8: 0.52083333 | E8: =IF(D8>C8,D8-C8,C8-D8) -> 0.33333333 | H8: =IF(G8>F8,G8-F8,F8-G8) -> 0 | K8: =IF(J8>I8,J8-I8,I8-J8) -> 0 | L8: =E8+H8+K8 -> 0.33333333
A9: P297 | B9: RIRI | C9: 0.1875 | D9: 0.52083333 | E9: =IF(D9>C9,D9-C9,C9-D9) -> 0.33333333 | H9: =IF(G9>F9,G9-F9,F9-G9) -> 0 | K9: =IF(J9>I9,J9-I9,I9-J9) -> 0 | L9: =E9+H9+K9 -> 0.33333333
A10: P353 | B10: FLORIDA | C10: 0.41666667 | D10: 0.58333333 | E10: =IF(D10>C10,D10-C10,C10-D10) -> 0.16666667 | F10: 0.58333333 | G10: 0.75 | H10: =IF(G10>F10,G10-F10,F10-G10) -> 0.16666667 | I10: 0.75 | J10: 0.91666667 | K10: =IF(J10>I10,J10-I10,I10-J10) -> 0.16666667 | L10: =E10+H10+K10 -> 0.5
B11: CHRISTIAN | C11: 0.1875 | D11: 0.52083333
B12: ANDRY | E12: =IF(D12>C12,D12-C12,C12-D12) -> 0 | H12: =IF(G12>F12,G12-F12,F12-G12) -> 0 | M12: REPOS
A13: P399 | B13: BOSCO | E13: =IF(D13>C13,D13-C13,C13-D13) -> 0 | H13: =IF(G13>F13,G13-F13,F13-G13) -> 0 | M13: REPOS
A14: Stagiaire | B14: STAN | E14: =IF(D14>C14,D14-C14,C14-D14) -> 0 | H14: =IF(G14>F14,G14-F14,F14-G14) -> 0 | M14: REPOS
A15: Stagiaire | B15: MATHILDA | C15: 0.25 | D15: 0.5 | E15: =IF(D15>C15,D15-C15,C15-D15) -> 0.25 | F15: 0.5 | G15: 0.58333333 | H15: =IF(G15>F15,G15-F15,F15-G15) -> 0.083333333 | K15: =IF(J15>I15,J15-I15,I15-J15) -> 0 | L15: =E15+H15+K15 -> 0.33333333
E16: =SUM(E8:E15) -> 1.0833333 | H16: =SUM(H8:H15) -> 0.25 | K16: =SUM(K8:K15) -> 0.16666667 | L16: =SUM(L8:L15) -> 1.5
C18: =+C5 -> PATISSERIE & PIZZA | G18: MARDI | H18: =+H5+1 -> 46245
C19: matin | F19: après-midi | I19: soir
B20: Personne | C20: entrée | D20: sortie | E20: durée | F20: entrée | G20: sortie | H20: durée | I20: entrée | J20: sortie | K20: durée | L20: durée total
A21: P497 | B21: FREDDY | E21: =IF(D21>C21,D21-C21,C21-D21) -> 0 | H21: =IF(G21>F21,G21-F21,F21-G21) -> 0 | K21: =IF(J21>I21,J21-I21,I21-J21) -> 0 | L21: =E21+H21+K21 -> 0 | M21: REPOS
A22: P297 | B22: RIRI | C22: 0.1875 | D22: 0.52083333 | E22: =IF(D22>C22,D22-C22,C22-D22) -> 0.33333333 | H22: =IF(G22>F22,G22-F22,F22-G22) -> 0 | K22: =IF(J22>I22,J22-I22,I22-J22) -> 0 | L22: =E22+H22+K22 -> 0.33333333
B23: ANDRY | C23: 0.1875 | D23: 0.52083333 | E23: =IF(D23>C23,D23-C23,C23-D23) -> 0.33333333 | H23: =IF(G23>F23,G23-F23,F23-G23) -> 0 | K23: =IF(J23>I23,J23-I23,I23-J23) -> 0 | L23: =E23+H23+K23 -> 0.33333333
B24: CHRISTIAN | C24: 0.1875 | D24: 0.52083333 | E24: =IF(D24>C24,D24-C24,C24-D24) -> 0.33333333 | H24: =IF(G24>F24,G24-F24,F24-G24) -> 0 | K24: =IF(J24>I24,J24-I24,I24-J24) -> 0 | L24: =E24+H24+K24 -> 0.33333333
A25: P353 | B25: FLORIDA | E25: =IF(D25>C25,D25-C25,C25-D25) -> 0 | H25: =IF(G25>F25,G25-F25,F25-G25) -> 0 | K25: =IF(J25>I25,J25-I25,I25-J25) -> 0 | L25: =E25+H25+K25 -> 0 | M25: REPOS
A26: P399 | B26: BOSCO | C26: 0.41666667 | D26: 0.58333333 | E26: =IF(D26>C26,D26-C26,C26-D26) -> 0.16666667 | F26: 0.58333333 | G26: 0.75 | H26: =IF(G26>F26,G26-F26,F26-G26) -> 0.16666667 | I26: 0.75 | J26: 0.91666667 | K26: =IF(J26>I26,J26-I26,I26-J26) -> 0.16666667 | L26: =E26+H26+K26 -> 0.5
A27: Stagiaire | B27: MATHILDA | C27: 0.25 | D27: 0.5 | E27: =IF(D27>C27,D27-C27,C27-D27) -> 0.25 | F27: 0.5 | G27: 0.58333333 | H27: =IF(G27>F27,G27-F27,F27-G27) -> 0.083333333 | K27: =IF(J27>I27,J27-I27,I27-J27) -> 0 | L27: =E27+H27+K27 -> 0.33333333
A28: Stagiaire | B28: STAN | C28: 0.25 | D28: 0.5 | E28: =IF(D28>C28,D28-C28,C28-D28) -> 0.25 | F28: 0.5 | G28: 0.58333333 | H28: =IF(G28>F28,G28-F28,F28-G28) -> 0.083333333 | K28: =IF(J28>I28,J28-I28,I28-J28) -> 0 | L28: =E28+H28+K28 -> 0.33333333
E29: =SUM(E21:E28) -> 1.6666667 | H29: =SUM(H21:H28) -> 0.33333333 | K29: =SUM(K21:K28) -> 0.16666667 | L29: =SUM(L21:L28) -> 2.1666667
C31: =+C18 -> PATISSERIE & PIZZA | G31: MERCREDI | H31: =+H18+1 -> 46246
C32: matin | F32: après-midi | I32: soir
B33: Personne | C33: entrée | D33: sortie | E33: durée | F33: entrée | G33: sortie | H33: durée | I33: entrée | J33: sortie | K33: durée | L33: durée total
A34: P497 | B34: FREDDY | C34: 0.1875 | D34: 0.52083333 | E34: =IF(D34>C34,D34-C34,C34-D34) -> 0.33333333 | H34: =IF(G34>F34,G34-F34,F34-G34) -> 0 | K34: =IF(J34>I34,J34-I34,I34-J34) -> 0 | L34: =E34+H34+K34 -> 0.33333333
A35: P297 | B35: RIRI | C35: 0.1875 | D35: 0.52083333 | E35: =IF(D35>C35,D35-C35,C35-D35) -> 0.33333333 | H35: =IF(G35>F35,G35-F35,F35-G35) -> 0 | K35: =IF(J35>I35,J35-I35,I35-J35) -> 0 | L35: =E35+H35+K35 -> 0.33333333
B36: CHRISTIAN | E36: =IF(D36>C36,D36-C36,C36-D36) -> 0 | H36: =IF(G36>F36,G36-F36,F36-G36) -> 0 | K36: =IF(J36>I36,J36-I36,I36-J36) -> 0 | L36: =E36+H36+K36 -> 0 | M36: REPOS
B37: ANDRY | C37: 0.1875 | D37: 0.52083333 | E37: =IF(D37>C37,D37-C37,C37-D37) -> 0.33333333 | H37: =IF(G37>F37,G37-F37,F37-G37) -> 0 | K37: =IF(J37>I37,J37-I37,I37-J37) -> 0 | L37: =E37+H37+K37 -> 0.33333333
A38: P353 | B38: FLORIDA | E38: =IF(D38>C38,D38-C38,C38-D38) -> 0 | H38: =IF(G38>F38,G38-F38,F38-G38) -> 0 | K38: =IF(J38>I38,J38-I38,I38-J38) -> 0 | L38: =E38+H38+K38 -> 0 | M38: REPOS
A39: P399 | B39: BOSCO | C39: 0.41666667 | D39: 0.58333333 | E39: =IF(D39>C39,D39-C39,C39-D39) -> 0.16666667 | F39: 0.58333333 | G39: 0.75 | H39: =IF(G39>F39,G39-F39,F39-G39) -> 0.16666667 | I39: 0.75 | J39: 0.91666667 | K39: =IF(J39>I39,J39-I39,I39-J39) -> 0.16666667 | L39: =E39+H39+K39 -> 0.5
A40: Stagiaire | B40: MATHILDA | E40: =IF(D40>C40,D40-C40,C40-D40) -> 0 | H40: =IF(G40>F40,G40-F40,F40-G40) -> 0 | K40: =IF(J40>I40,J40-I40,I40-J40) -> 0 | L40: =E40+H40+K40 -> 0 | M40: REPOS
A41: Stagiaire | B41: STAN | C41: 0.25 | D41: 0.5 | E41: =IF(D41>C41,D41-C41,C41-D41) -> 0.25 | F41: 0.5 | G41: 0.58333333 | H41: =IF(G41>F41,G41-F41,F41-G41) -> 0.083333333 | K41: =IF(J41>I41,J41-I41,I41-J41) -> 0 | L41: =E41+H41+K41 -> 0.33333333
E42: =SUM(E34:E41) -> 1.4166667 | H42: =SUM(H34:H41) -> 0.25 | K42: =SUM(K34:K41) -> 0.16666667 | L42: =SUM(L34:L41) -> 1.8333333
C44: =+C31 -> PATISSERIE & PIZZA | G44: JEUDI | H44: =+H31+1 -> 46247
C45: matin | F45: après-midi | I45: soir
B46: Personne | C46: entrée | D46: sortie | E46: durée | F46: entrée | G46: sortie | H46: durée | I46: entrée | J46: sortie | K46: durée | L46: durée total
A47: P497 | B47: FREDDY | C47: 0.1875 | D47: 0.52083333 | E47: =IF(D47>C47,D47-C47,C47-D47) -> 0.33333333 | H47: =IF(G47>F47,G47-F47,F47-G47) -> 0 | K47: =IF(J47>I47,J47-I47,I47-J47) -> 0 | L47: =E47+H47+K47 -> 0.33333333
B48: CHRISTIAN | C48: 0.1875 | D48: 0.52083333 | E48: =IF(D48>C48,D48-C48,C48-D48) -> 0.33333333 | H48: =IF(G48>F48,G48-F48,F48-G48) -> 0 | K48: =IF(J48>I48,J48-I48,I48-J48) -> 0 | L48: =E48+H48+K48 -> 0.33333333
B49: ANDRY | C49: 0.1875 | D49: 0.52083333 | E49: =IF(D49>C49,D49-C49,C49-D49) -> 0.33333333 | H49: =IF(G49>F49,G49-F49,F49-G49) -> 0 | K49: =IF(J49>I49,J49-I49,I49-J49) -> 0 | L49: =E49+H49+K49 -> 0.33333333
A50: P297 | B50: RIRI | E50: =IF(D50>C50,D50-C50,C50-D50) -> 0 | H50: =IF(G50>F50,G50-F50,F50-G50) -> 0 | K50: =IF(J50>I50,J50-I50,I50-J50) -> 0 | L50: =E50+H50+K50 -> 0 | M50: REPOS
A51: P353 | B51: FLORIDA | C51: 0.41666667 | D51: 0.58333333 | E51: =IF(D51>C51,D51-C51,C51-D51) -> 0.16666667 | H51: =IF(G51>F51,G51-F51,F51-G51) -> 0 | I51: 0.75 | J51: 0.91666667 | K51: =IF(J51>I51,J51-I51,I51-J51) -> 0.16666667 | L51: =E51+H51+K51 -> 0.33333333
A52: P399 | B52: BOSCO | E52: =IF(D52>C52,D52-C52,C52-D52) -> 0 | F52: 0.58333333 | G52: 0.75 | H52: =IF(G52>F52,G52-F52,F52-G52) -> 0.16666667 | I52: 0.75 | J52: 0.91666667 | K52: =IF(J52>I52,J52-I52,I52-J52) -> 0.16666667 | L52: =E52+H52+K52 -> 0.33333333
A53: Stagiaire | B53: MATHILDA | C53: 0.25 | D53: 0.5 | E53: =IF(D53>C53,D53-C53,C53-D53) -> 0.25 | F53: 0.5 | G53: 0.58333333 | H53: =IF(G53>F53,G53-F53,F53-G53) -> 0.083333333 | K53: =IF(J53>I53,J53-I53,I53-J53) -> 0 | L53: =E53+H53+K53 -> 0.33333333
A54: Stagiaire | B54: STAN | C54: 0.25 | D54: 0.5 | E54: =IF(D54>C54,D54-C54,C54-D54) -> 0.25 | F54: 0.5 | G54: 0.58333333 | H54: =IF(G54>F54,G54-F54,F54-G54) -> 0.083333333 | K54: =IF(J54>I54,J54-I54,I54-J54) -> 0 | L54: =E54+H54+K54 -> 0.33333333
E55: =SUM(E47:E54) -> 1.6666667 | H55: =SUM(H47:H54) -> 0.33333333 | K55: =SUM(K47:K54) -> 0.33333333 | L55: =SUM(L47:L54) -> 2.3333333
C57: =+C44 -> PATISSERIE & PIZZA | G57: VENDREDI | H57: =+H44+1 -> 46248
C58: matin | F58: après-midi | I58: soir
B59: Personne | C59: entrée | D59: sortie | E59: durée | F59: entrée | G59: sortie | H59: durée | I59: entrée | J59: sortie | K59: durée | L59: durée total
A60: P497 | B60: FREDDY | C60: 0.1875 | D60: 0.52083333 | E60: =IF(D60>C60,D60-C60,C60-D60) -> 0.33333333 | H60: =IF(G60>F60,G60-F60,F60-G60) -> 0 | K60: =IF(J60>I60,J60-I60,I60-J60) -> 0 | L60: =E60+H60+K60 -> 0.33333333
B61: CHRISTIAN | C61: 0.25 | D61: 0.58333333 | E61: =IF(D61>C61,D61-C61,C61-D61) -> 0.33333333 | H61: =IF(G61>F61,G61-F61,F61-G61) -> 0 | K61: =IF(J61>I61,J61-I61,I61-J61) -> 0 | L61: =E61+H61+K61 -> 0.33333333
B62: ANDRY | C62: 0.1875 | D62: 0.52083333 | E62: =IF(D62>C62,D62-C62,C62-D62) -> 0.33333333 | H62: =IF(G62>F62,G62-F62,F62-G62) -> 0 | K62: =IF(J62>I62,J62-I62,I62-J62) -> 0 | L62: =E62+H62+K62 -> 0.33333333
A63: P297 | B63: RIRI | C63: 0.1875 | D63: 0.52083333 | E63: =IF(D63>C63,D63-C63,C63-D63) -> 0.33333333 | H63: =IF(G63>F63,G63-F63,F63-G63) -> 0 | K63: =IF(J63>I63,J63-I63,I63-J63) -> 0 | L63: =E63+H63+K63 -> 0.33333333 | M63: REPOS
A64: P353 | B64: FLORIDA | E64: =IF(D64>C64,D64-C64,C64-D64) -> 0 | F64: 0.58333333 | G64: 0.75 | H64: =IF(G64>F64,G64-F64,F64-G64) -> 0.16666667 | I64: 0.75 | J64: 0.91666667 | K64: =IF(J64>I64,J64-I64,I64-J64) -> 0.16666667 | L64: =E64+H64+K64 -> 0.33333333
A65: P399 | B65: BOSCO | C65: 0.41666667 | D65: 0.58333333 | E65: =IF(D65>C65,D65-C65,C65-D65) -> 0.16666667 | H65: =IF(G65>F65,G65-F65,F65-G65) -> 0 | I65: 0.75 | J65: 0.91666667 | K65: =IF(J65>I65,J65-I65,I65-J65) -> 0.16666667 | L65: =E65+H65+K65 -> 0.33333333
A66: Stagiaire | B66: MATHILDA | C66: 0.25 | D66: 0.5 | E66: =IF(D66>C66,D66-C66,C66-D66) -> 0.25 | F66: 0.5 | G66: 0.58333333 | H66: =IF(G66>F66,G66-F66,F66-G66) -> 0.083333333 | K66: =IF(J66>I66,J66-I66,I66-J66) -> 0 | L66: =E66+H66+K66 -> 0.33333333
A67: Stagiaire | B67: STAN | C67: 0.25 | D67: 0.5 | E67: =IF(D67>C67,D67-C67,C67-D67) -> 0.25 | F67: 0.5 | G67: 0.58333333 | H67: =IF(G67>F67,G67-F67,F67-G67) -> 0.083333333 | K67: =IF(J67>I67,J67-I67,I67-J67) -> 0 | L67: =E67+H67+K67 -> 0.33333333
E68: =SUM(E60:E67) -> 2 | H68: =SUM(H60:H67) -> 0.33333333 | K68: =SUM(K60:K67) -> 0.33333333 | L68: =SUM(L60:L66) -> 2.3333333
C70: =+C57 -> PATISSERIE & PIZZA | G70: SAMEDI | H70: =+H57+1 -> 46249
C71: matin | F71: après-midi | I71: soir
B72: Personne | C72: entrée | D72: sortie | E72: durée | F72: entrée | G72: sortie | H72: durée | I72: entrée | J72: sortie | K72: durée | L72: durée total
A74: P497 | B74: FREDDY | C74: 0.1875 | D74: 0.52083333 | E74: =IF(D74>C74,D74-C74,C74-D74) -> 0.33333333 | H74: =IF(G74>F74,G74-F74,F74-G74) -> 0 | K74: =IF(J74>I74,J74-I74,I74-J74) -> 0 | L74: =E74+H74+K74 -> 0.33333333
B75: CHRISTIAN | C75: 0.25 | D75: 0.5 | E75: =IF(D75>C75,D75-C75,C75-D75) -> 0.25 | F75: 0.5 | G75: 0.58333333 | H75: =IF(G75>F75,G75-F75,F75-G75) -> 0.083333333 | K75: =IF(J75>I75,J75-I75,I75-J75) -> 0 | L75: =E75+H75+K75 -> 0.33333333
B76: ANDRY | C76: 0.1875 | D76: 0.52083333 | E76: =IF(D76>C76,D76-C76,C76-D76) -> 0.33333333 | H76: =IF(G76>F76,G76-F76,F76-G76) -> 0 | K76: =IF(J76>I76,J76-I76,I76-J76) -> 0 | L76: =E76+H76+K76 -> 0.33333333
A77: P297 | B77: RIRI | C77: 0.1875 | D77: 0.52083333 | E77: =IF(D77>C77,D77-C77,C77-D77) -> 0.33333333 | H77: =IF(G77>F77,G77-F77,F77-G77) -> 0 | K77: =IF(J77>I77,J77-I77,I77-J77) -> 0 | L77: =E77+H77+K77 -> 0.33333333
A78: P353 | B78: FLORIDA | C78: 0.41666667 | D78: 0.58333333 | E78: =IF(D78>C78,D78-C78,C78-D78) -> 0.16666667 | H78: =IF(G78>F78,G78-F78,F78-G78) -> 0 | I78: 0.75 | J78: 0.91666667 | K78: =IF(J78>I78,J78-I78,I78-J78) -> 0.16666667 | L78: =E78+H78+K78 -> 0.33333333
A79: P399 | B79: BOSCO | E79: =IF(D79>C79,D79-C79,C79-D79) -> 0 | F79: 0.58333333 | G79: 0.75 | H79: =IF(G79>F79,G79-F79,F79-G79) -> 0.16666667 | I79: 0.75 | J79: 0.91666667 | K79: =IF(J79>I79,J79-I79,I79-J79) -> 0.16666667 | L79: =E79+H79+K79 -> 0.33333333
A80: Stagiaire | B80: MATHILDA | C80: 0.25 | D80: 0.5 | E80: =IF(D80>C80,D80-C80,C80-D80) -> 0.25 | F80: 0.5 | G80: 0.58333333 | H80: =IF(G80>F80,G80-F80,F80-G80) -> 0.083333333 | K80: =IF(J80>I80,J80-I80,I80-J80) -> 0 | L80: =E80+H80+K80 -> 0.33333333
A81: Stagiaire | B81: STAN | C81: 0.25 | D81: 0.5 | E81: =IF(D81>C81,D81-C81,C81-D81) -> 0.25 | F81: 0.5 | G81: 0.58333333 | H81: =IF(G81>F81,G81-F81,F81-G81) -> 0.083333333 | K81: =IF(J81>I81,J81-I81,I81-J81) -> 0 | L81: =E81+H81+K81 -> 0.33333333 | M81: REPOS
E82: =SUM(E74:E81) -> 1.9166667 | H82: =SUM(H74:H81) -> 0.41666667 | K82: =SUM(K74:K81) -> 0.33333333 | L82: =SUM(L74:L81) -> 2.6666667
C84: =+C70 -> PATISSERIE & PIZZA | G84: DIMANCHE | H84: =+H70+1 -> 46250
C85: matin | F85: après-midi | I85: soir
B86: Personne | C86: entrée | D86: sortie | E86: durée | F86: entrée | G86: sortie | H86: durée | I86: entrée | J86: sortie | K86: durée | L86: durée total
A87: P497 | B87: FREDDY | C87: 0.1875 | D87: 0.52083333 | E87: =IF(D87>C87,D87-C87,C87-D87) -> 0.33333333 | H87: =IF(G87>F87,G87-F87,F87-G87) -> 0 | K87: =IF(J87>I87,J87-I87,I87-J87) -> 0 | L87: =E87+H87+K87 -> 0.33333333
B88: CHRISTIAN | C88: 0.25 | D88: 0.5 | E88: =IF(D88>C88,D88-C88,C88-D88) -> 0.25 | F88: 0.5 | G88: 0.58333333 | H88: =IF(G88>F88,G88-F88,F88-G88) -> 0.083333333 | K88: =IF(J88>I88,J88-I88,I88-J88) -> 0 | L88: =E88+H88+K88 -> 0.33333333
B89: ANDRY | C89: 0.1875 | D89: 0.52083333 | E89: =IF(D89>C89,D89-C89,C89-D89) -> 0.33333333 | H89: =IF(G89>F89,G89-F89,F89-G89) -> 0 | K89: =IF(J89>I89,J89-I89,I89-J89) -> 0 | L89: =E89+H89+K89 -> 0.33333333
A90: P297 | B90: RIRI | C90: 0.1875 | D90: 0.52083333 | E90: =IF(D90>C90,D90-C90,C90-D90) -> 0.33333333 | H90: =IF(G90>F90,G90-F90,F90-G90) -> 0 | K90: =IF(J90>I90,J90-I90,I90-J90) -> 0 | L90: =E90+H90+K90 -> 0.33333333
A91: P353 | B91: FLORIDA | E91: =IF(D91>C91,D91-C91,C91-D91) -> 0 | F91: 0.58333333 | G91: 0.75 | H91: =IF(G91>F91,G91-F91,F91-G91) -> 0.16666667 | I91: 0.75 | J91: 0.91666667 | K91: =IF(J91>I91,J91-I91,I91-J91) -> 0.16666667 | L91: =E91+H91+K91 -> 0.33333333
A92: P399 | B92: BOSCO | C92: 0.41666667 | D92: 0.58333333 | E92: =IF(D92>C92,D92-C92,C92-D92) -> 0.16666667 | H92: =IF(G92>F92,G92-F92,F92-G92) -> 0 | I92: 0.75 | J92: 0.91666667 | K92: =IF(J92>I92,J92-I92,I92-J92) -> 0.16666667 | L92: =E92+H92+K92 -> 0.33333333
A93: Stagiaire | B93: MATHILDA | C93: 0.25 | D93: 0.5 | E93: =IF(D93>C93,D93-C93,C93-D93) -> 0.25 | F93: 0.5 | G93: 0.58333333 | H93: =IF(G93>F93,G93-F93,F93-G93) -> 0.083333333 | K93: =IF(J93>I93,J93-I93,I93-J93) -> 0 | L93: =E93+H93+K93 -> 0.33333333
A94: Stagiaire | B94: STAN | C94: 0.25 | D94: 0.5 | E94: =IF(D94>C94,D94-C94,C94-D94) -> 0.25 | F94: 0.5 | G94: 0.58333333 | H94: =IF(G94>F94,G94-F94,F94-G94) -> 0.083333333 | K94: =IF(J94>I94,J94-I94,I94-J94) -> 0 | L94: =E94+H94+K94 -> 0.33333333
E95: =SUM(E87:E94) -> 1.9166667 | H95: =SUM(H87:H94) -> 0.41666667 | K95: =SUM(K87:K94) -> 0.33333333 | L95: =SUM(L87:L94) -> 2.6666667
C98: =+C84 -> PATISSERIE & PIZZA | G98: LUNDI | H98: =+H84+1 -> 46251
C99: matin | F99: après-midi | I99: soir
B100: Personne | C100: entrée | D100: sortie | E100: durée | F100: entrée | G100: sortie | H100: durée | I100: entrée | J100: sortie | K100: durée | L100: durée total
A101: P497 | B101: FREDDY | C101: 0.1875 | D101: 0.52083333 | E101: =IF(D101>C101,D101-C101,C101-D101) -> 0.33333333 | H101: =IF(G101>F101,G101-F101,F101-G101) -> 0 | K101: =IF(J101>I101,J101-I101,I101-J101) -> 0 | L101: =E101+H101+K101 -> 0.33333333
B102: CHRISTIAN | E102: =IF(D102>C102,D102-C102,C102-D102) -> 0 | H102: =IF(G102>F102,G102-F102,F102-G102) -> 0 | K102: =IF(J102>I102,J102-I102,I102-J102) -> 0 | L102: =E102+H102+K102 -> 0 | M102: REPOS
B103: ANDRY | C103: 0.1875 | D103: 0.52083333 | E103: =IF(D103>C103,D103-C103,C103-D103) -> 0.33333333 | H103: =IF(G103>F103,G103-F103,F103-G103) -> 0 | K103: =IF(J103>I103,J103-I103,I103-J103) -> 0 | L103: =E103+H103+K103 -> 0.33333333
A104: P297 | B104: RIRI | C104: 0.1875 | D104: 0.52083333 | E104: =IF(D104>C104,D104-C104,C104-D104) -> 0.33333333 | H104: =IF(G104>F104,G104-F104,F104-G104) -> 0 | K104: =IF(J104>I104,J104-I104,I104-J104) -> 0 | L104: =E104+H104+K104 -> 0.33333333
A105: P353 | B105: FLORIDA | C105: 0.41666667 | D105: 0.58333333 | E105: =IF(D105>C105,D105-C105,C105-D105) -> 0.16666667 | H105: =IF(G105>F105,G105-F105,F105-G105) -> 0 | I105: 0.75 | J105: 0.91666667 | K105: =IF(J105>I105,J105-I105,I105-J105) -> 0.16666667 | L105: =E105+H105+K105 -> 0.33333333
A106: P399 | B106: BOSCO | E106: =IF(D106>C106,D106-C106,C106-D106) -> 0 | H106: =IF(G106>F106,G106-F106,F106-G106) -> 0 | K106: =IF(J106>I106,J106-I106,I106-J106) -> 0 | L106: =E106+H106+K106 -> 0 | M106: REPOS
A107: Stagiaire | B107: STAN | C107: 0.25 | D107: 0.5 | E107: =IF(D107>C107,D107-C107,C107-D107) -> 0.25 | F107: 0.5 | G107: 0.58333333 | H107: =IF(G107>F107,G107-F107,F107-G107) -> 0.083333333 | K107: =IF(J107>I107,J107-I107,I107-J107) -> 0 | L107: =E107+H107+K107 -> 0.33333333
A108: Stagiaire | B108: MATHILDA | C108: 0.25 | D108: 0.5 | E108: =IF(D108>C108,D108-C108,C108-D108) -> 0.25 | F108: 0.5 | G108: 0.58333333 | H108: =IF(G108>F108,G108-F108,F108-G108) -> 0.083333333 | K108: =IF(J108>I108,J108-I108,I108-J108) -> 0 | L108: =E108+H108+K108 -> 0.33333333
E109: =SUM(E101:E108) -> 1.6666667 | H109: =SUM(H101:H108) -> 0.16666667 | K109: =SUM(K101:K108) -> 0.16666667 | L109: =SUM(L101:L108) -> 2
B113: FREDDY | C113: =+L8+L21+L34++L47+L60+L74+L87 -> 2
B114: RIRI | C114: =+L9+L22+L35++L50+L63+L77+L90 -> 2
B115: FLORIDA | C115: =+L10+L25+L38++L51+L64+L78+L91 -> 1.8333333
...

Sheet CUISINE CANTINE
E2: EMPLOI DU TEMPS CUISINE CANTINE WEEK 36
C5: CUISINE CANTINE | G5: LUNDI | H5: =+'PATISS-PIZZA'!H5 -> 46244
C6: matin | F6: après-midi | I6: soir
B7: Personne | C7: entrée | D7: sortie | E7: durée | F7: entrée | G7: sortie | H7: durée | I7: entrée | J7: sortie | K7: durée | L7: durée total
A8: - | B8: ZOLY | C8: 0.25 | D8: 0.58333333 | E8: =IF(D8>C8,D8-C8,C8-D8) -> 0.33333333 | H8: =IF(G8>F8,G8-F8,F8-G8) -> 0 | I8: 0.75 | J8: 0.91666667 | K8: =IF(J8>I8,J8-I8,I8-J8) -> 0.16666667 | L8: =E8+H8+K8 -> 0.5
A9: P524 | B9: CEDRIC | E9: =IF(D9>C9,D9-C9,C9-D9) -> 0 | H9: =IF(G9>F9,G9-F9,F9-G9) -> 0 | K9: =IF(J9>I9,J9-I9,I9-J9) -> 0 | L9: =E9+H9+K9 -> 0 | M9: REPOS
E10: =SUM(E8:E9) -> 0.33333333 | H10: =SUM(H8:H9) -> 0 | K10: =SUM(K8:K9) -> 0.16666667 | L10: =SUM(L8:L9) -> 0.5
C12: =+C5 -> CUISINE CANTINE | G12: MARDI | H12: =+H5+1 -> 46245
C13: matin | F13: après-midi | I13: soir
B14: Personne | C14: entrée | D14: sortie | E14: durée | F14: entrée | G14: sortie | H14: durée | I14: entrée | J14: sortie | K14: durée | L14: durée total
A15: - | B15: ZOLY | E15: =IF(D15>C15,D15-C15,C15-D15) -> 0 | H15: =IF(G15>F15,G15-F15,F15-G15) -> 0 | K15: =IF(J15>I15,J15-I15,I15-J15) -> 0 | L15: =E15+H15+K15 -> 0 | M15: REPOS
A16: P524 | B16: CEDRIC | C16: 0.25 | D16: 0.58333333 | E16: =IF(D16>C16,D16-C16,C16-D16) -> 0.33333333 | H16: =IF(G16>F16,G16-F16,F16-G16) -> 0 | I16: 0.75 | J16: 0.91666667 | K16: =IF(J16>I16,J16-I16,I16-J16) -> 0.16666667 | L16: =E16+H16+K16 -> 0.5
E17: =SUM(E15:E16) -> 0.33333333 | H17: =SUM(H15:H16) -> 0 | K17: =SUM(K15:K16) -> 0.16666667 | L17: =SUM(L15:L16) -> 0.5
C18: =+C12 -> CUISINE CANTINE | G18: MERCREDI | H18: =+H12+1 -> 46246
C19: matin | F19: après-midi | I19: soir
B20: Personne | C20: entrée | D20: sortie | E20: durée | F20: entrée | G20: sortie | H20: durée | I20: entrée | J20: sortie | K20: durée | L20: durée total
A21: - | B21: ZOLY | C21: 0.33333333 | D21: 0.58333333 | E21: =IF(D21>C21,D21-C21,C21-D21) -> 0.25 | H21: =IF(G21>F21,G21-F21,F21-G21) -> 0 | I21: 0.75 | J21: 0.91666667 | K21: =IF(J21>I21,J21-I21,I21-J21) -> 0.16666667 | L21: =E21+H21+K21 -> 0.41666667
A22: P524 | B22: CEDRIC | C22: 0.25 | D22: 0.5 | E22: =IF(D22>C22,D22-C22,C22-D22) -> 0.25 | F22: 0.5 | G22: 0.58333333 | H22: =IF(G22>F22,G22-F22,F22-G22) -> 0.083333333 | K22: =IF(J22>I22,J22-I22,I22-J22) -> 0 | L22: =E22+H22+K22 -> 0.33333333
E23: =SUM(E21:E22) -> 0.5 | H23: =SUM(H21:H22) -> 0.083333333 | K23: =SUM(K21:K22) -> 0.16666667 | L23: =SUM(L21:L22) -> 0.75
C24: =+C18 -> CUISINE CANTINE | G24: JEUDI | H24: =+H18+1 -> 46247
C25: matin | F25: après-midi | I25: soir
B26: Personne | C26: entrée | D26: sortie | E26: durée | F26: entrée | G26: sortie | H26: durée | I26: entrée | J26: sortie | K26: durée | L26: durée total
A27: - | B27: ZOLY | C27: 0.33333333 | D27: 0.58333333 | E27: =IF(D27>C27,D27-C27,C27-D27) -> 0.25 | H27: =IF(G27>F27,G27-F27,F27-G27) -> 0 | I27: 0.75 | J27: 0.91666667 | K27: =IF(J27>I27,J27-I27,I27-J27) -> 0.16666667 | L27: =E27+H27+K27 -> 0.41666667
A28: P524 | B28: CEDRIC | C28: 0.25 | D28: 0.5 | E28: =IF(D28>C28,D28-C28,C28-D28) -> 0.25 | F28: 0.5 | G28: 0.58333333 | H28: =IF(G28>F28,G28-F28,F28-G28) -> 0.083333333 | K28: =IF(J28>I28,J28-I28,I28-J28) -> 0 | L28: =E28+H28+K28 -> 0.33333333
E29: =SUM(E27:E28) -> 0.5 | H29: =SUM(H27:H28) -> 0.083333333 | K29: =SUM(K27:K28) -> 0.16666667 | L29: =SUM(L27:L28) -> 0.75
C30: =+C24 -> CUISINE CANTINE | G30: VENDREDI | H30: =+H24+1 -> 46248
C31: matin | F31: après-midi | I31: soir
B32: Personne | C32: entrée | D32: sortie | E32: durée | F32: entrée | G32: sortie | H32: durée | I32: entrée | J32: sortie | K32: durée | L32: durée total
A33: - | B33: ZOLY | C33: 0.33333333 | D33: 0.58333333 | E33: =IF(D33>C33,D33-C33,C33-D33) -> 0.25 | H33: =IF(G33>F33,G33-F33,F33-G33) -> 0 | I33: 0.75 | J33: 0.91666667 | K33: =IF(J33>I33,J33-I33,I33-J33) -> 0.16666667 | L33: =E33+H33+K33 -> 0.41666667
A34: P524 | B34: CEDRIC | C34: 0.25 | D34: 0.5 | E34: =IF(D34>C34,D34-C34,C34-D34) -> 0.25 | F34: 0.5 | G34: 0.58333333 | H34: =IF(G34>F34,G34-F34,F34-G34) -> 0.083333333 | K34: =IF(J34>I34,J34-I34,I34-J34) -> 0 | L34: =E34+H34+K34 -> 0.33333333
E35: =SUM(E33:E34) -> 0.5 | H35: =SUM(H33:H34) -> 0.083333333 | K35: =SUM(K33:K34) -> 0.16666667 | L35: =SUM(L33:L34) -> 0.75
C36: =+C30 -> CUISINE CANTINE | G36: SAMEDI | H36: =+H30+1 -> 46249
C37: matin | F37: après-midi | I37: soir
B38: Personne | C38: entrée | D38: sortie | E38: durée | F38: entrée | G38: sortie | H38: durée | I38: entrée | J38: sortie | K38: durée | L38: durée total
A39: - | B39: ZOLY | C39: 0.33333333 | D39: 0.58333333 | E39: =IF(D39>C39,D39-C39,C39-D39) -> 0.25 | H39: =IF(G39>F39,G39-F39,F39-G39) -> 0 | I39: 0.75 | J39: 0.91666667 | K39: =IF(J39>I39,J39-I39,I39-J39) -> 0.16666667 | L39: =E39+H39+K39 -> 0.41666667
A40: P524 | B40: CEDRIC | C40: 0.25 | D40: 0.5 | E40: =IF(D40>C40,D40-C40,C40-D40) -> 0.25 | F40: 0.5 | G40: 0.58333333 | H40: =IF(G40>F40,G40-F40,F40-G40) -> 0.083333333 | K40: =IF(J40>I40,J40-I40,I40-J40) -> 0 | L40: =E40+H40+K40 -> 0.33333333
E41: =SUM(E39:E40) -> 0.5 | H41: =SUM(H39:H40) -> 0.083333333 | K41: =SUM(K39:K40) -> 0.16666667 | L41: =SUM(L39:L40) -> 0.75
C42: =+C36 -> CUISINE CANTINE | G42: DIMANCHE | H42: =+H36+1 -> 46250
C43: matin | F43: après-midi | I43: soir
B44: Personne | C44: entrée | D44: sortie | E44: durée | F44: entrée | G44: sortie | H44: durée | I44: entrée | J44: sortie | K44: durée | L44: durée total
A45: - | B45: ZOLY | C45: 0.41666667 | D45: 0.5 | E45: =IF(D45>C45,D45-C45,C45-D45) -> 0.083333333 | F45: 0.5 | G45: 0.75 | H45: =IF(G45>F45,G45-F45,F45-G45) -> 0.25 | K45: =IF(J45>I45,J45-I45,I45-J45) -> 0 | L45: =E45+H45+K45 -> 0.33333333
A46: P524 | B46: CEDRIC | E46: =IF(D46>C46,D46-C46,C46-D46) -> 0 | H46: =IF(G46>F46,G46-F46,F46-G46) -> 0 | I46: 0.75 | J46: 0.91666667 | K46: =IF(J46>I46,J46-I46,I46-J46) -> 0.16666667 | L46: =E46+H46+K46 -> 0.16666667
E47: =SUM(E45:E46) -> 0.083333333 | H47: =SUM(H45:H46) -> 0.25 | K47: =SUM(K45:K46) -> 0.16666667 | L47: =SUM(L45:L46) -> 0.5
C49: =+C42 -> CUISINE CANTINE | G49: LUNDI | H49: =+H42+1 -> 46251
C50: matin | F50: après-midi | I50: soir
B51: Personne | C51: entrée | D51: sortie | E51: durée | F51: entrée | G51: sortie | H51: durée | I51: entrée | J51: sortie | K51: durée | L51: durée total
A52: - | B52: ZOLY | E52: =IF(D52>C52,D52-C52,C52-D52) -> 0 | H52: =IF(G52>F52,G52-F52,F52-G52) -> 0 | I52: 0.75 | J52: 0.91666667 | K52: =IF(J52>I52,J52-I52,I52-J52) -> 0.16666667 | L52: =E52+H52+K52 -> 0.16666667
A53: P524 | B53: CEDRIC | E53: =IF(D53>C53,D53-C53,C53-D53) -> 0 | H53: =IF(G53>F53,G53-F53,F53-G53) -> 0 | K53: =IF(J53>I53,J53-I53,I53-J53) -> 0 | L53: =E53+H53+K53 -> 0 | M53: REPOS
E54: =SUM(E52:E53) -> 0 | H54: =SUM(H52:H53) -> 0 | K54: =SUM(K52:K53) -> 0.16666667 | L54: =SUM(L52:L53) -> 0.16666667
B57: ZOLY | C57: =+L8+L15+L21+L27+L33+L39+L45 -> 2.5
B58: CEDRIC | C58: =+L9+L16+L22+L28+L34+L40+L46 -> 2

Sheet CUISINE DETENTE
E2: EMPLOI DU TEMPS CUISINE DETENTE WEEK 36
C5: CUISINE DETENTE | G5: LUNDI | H5: =+'CUISINE CANTINE'!H5 -> 46244
C6: matin | F6: après-midi | I6: soir
B7: Personne | C7: entrée | D7: sortie | E7: durée | F7: entrée | G7: sortie | H7: durée | I7: entrée | J7: sortie | K7: durée | L7: durée total
A8: P515 | B8: JOHNNY | C8: 0.41666667 | D8: 0.58333333 | E8: =IF(D8>C8,D8-C8,C8-D8) -> 0.16666667 | H8: =IF(G8>F8,G8-F8,F8-G8) -> 0 | I8: 0.75 | J8: 0.91666667 | K8: =IF(J8>I8,J8-I8,I8-J8) -> 0.16666667 | L8: =E8+H8+K8 -> 0.33333333
A9: P524 | B9: CHRISTOPHE | E9: =IF(D9>C9,D9-C9,C9-D9) -> 0 | H9: =IF(G9>F9,G9-F9,F9-G9) -> 0 | K9: =IF(J9>I9,J9-I9,I9-J9) -> 0 | L9: =E9+H9+K9 -> 0 | M9: REPOS
B10: DAUDET | C10: 0.41666667 | D10: 0.58333333 | E10: =IF(D10>C10,D10-C10,C10-D10) -> 0.16666667 | H10: =IF(G10>F10,G10-F10,F10-G10) -> 0 | I10: 0.75 | J10: 0.91666667 | K10: =IF(J10>I10,J10-I10,I10-J10) -> 0.16666667 | L10: =E10+H10+K10 -> 0.33333333
E11: =SUM(E8:E10) -> 0.33333333 | H11: =SUM(H8:H10) -> 0 | K11: =SUM(K8:K10) -> 0.33333333 | L11: =SUM(L8:L10) -> 0.66666667
C13: =+C5 -> CUISINE DETENTE | G13: MARDI | H13: =+H5+1 -> 46245
C14: matin | F14: après-midi | I14: soir
B15: Personne | C15: entrée | D15: sortie | E15: durée | F15: entrée | G15: sortie | H15: durée | I15: entrée | J15: sortie | K15: durée | L15: durée total
A16: P515 | B16: JOHNNY | C16: 0.41666667 | D16: 0.58333333 | E16: =IF(D16>C16,D16-C16,C16-D16) -> 0.16666667 | H16: =IF(G16>F16,G16-F16,F16-G16) -> 0 | I16: 0.75 | J16: 0.91666667 | K16: =IF(J16>I16,J16-I16,I16-J16) -> 0.16666667 | L16: =E16+H16+K16 -> 0.33333333
A17: P524 | B17: CHRISTOPHE | E17: =IF(D17>C17,D17-C17,C17-D17) -> 0 | F17: 0.58333333 | G17: 0.75 | H17: =IF(G17>F17,G17-F17,F17-G17) -> 0.16666667 | I17: 0.75 | J17: 0.91666667 | K17: =IF(J17>I17,J17-I17,I17-J17) -> 0.16666667 | L17: =E17+H17+K17 -> 0.33333333
B18: DAUDET | E18: =IF(D18>C18,D18-C18,C18-D18) -> 0 | H18: =IF(G18>F18,G18-F18,F18-G18) -> 0 | K18: =IF(J18>I18,J18-I18,I18-J18) -> 0 | L18: =E18+H18+K18 -> 0 | M18: REPOS
E19: =SUM(E16:E18) -> 0.16666667 | H19: =SUM(H16:H18) -> 0.16666667 | K19: =SUM(K16:K18) -> 0.33333333 | L19: =SUM(L16:L18) -> 0.66666667
C20: =+C13 -> CUISINE DETENTE | G20: MERCREDI | H20: =+H13+1 -> 46246
C21: matin | F21: après-midi | I21: soir
B22: Personne | C22: entrée | D22: sortie | E22: durée | F22: entrée | G22: sortie | H22: durée | I22: entrée | J22: sortie | K22: durée | L22: durée total
A23: P515 | B23: JOHNNY | E23: =IF(D23>C23,D23-C23,C23-D23) -> 0 | H23: =IF(G23>F23,G23-F23,F23-G23) -> 0 | K23: =IF(J23>I23,J23-I23,I23-J23) -> 0 | L23: =E23+H23+K23 -> 0 | M23: REPOS
A24: P524 | B24: CHRISTOPHE | E24: =IF(D24>C24,D24-C24,C24-D24) -> 0 | H24: =IF(G24>F24,G24-F24,F24-G24) -> 0 | I24: 0.75 | J24: 0.91666667 | K24: =IF(J24>I24,J24-I24,I24-J24) -> 0.16666667 | L24: =E24+H24+K24 -> 0.16666667
B25: DAUDET | C25: 0.41666667 | D25: 0.58333333 | E25: =IF(D25>C25,D25-C25,C25-D25) -> 0.16666667 | H25: =IF(G25>F25,G25-F25,F25-G25) -> 0 | I25: 0.75 | J25: 0.91666667 | K25: =IF(J25>I25,J25-I25,I25-J25) -> 0.16666667 | L25: =E25+H25+K25 -> 0.33333333
E26: =SUM(E23:E24) -> 0 | H26: =SUM(H23:H24) -> 0 | K26: =SUM(K23:K24) -> 0.16666667 | L26: =SUM(L23:L24) -> 0.16666667
C27: =+C20 -> CUISINE DETENTE | G27: JEUDI | H27: =+H20+1 -> 46247
C28: matin | F28: après-midi | I28: soir
B29: Personne | C29: entrée | D29: sortie | E29: durée | F29: entrée | G29: sortie | H29: durée | I29: entrée | J29: sortie | K29: durée | L29: durée total
A30: P515 | B30: JOHNNY | C30: 0.41666667 | D30: 0.58333333 | E30: =IF(D30>C30,D30-C30,C30-D30) -> 0.16666667 | H30: =IF(G30>F30,G30-F30,F30-G30) -> 0 | I30: 0.75 | J30: 0.91666667 | K30: =IF(J30>I30,J30-I30,I30-J30) -> 0.16666667 | L30: =E30+H30+K30 -> 0.33333333
A31: P524 | B31: CHRISTOPHE | C31: 0.41666667 | D31: 0.58333333 | E31: =IF(D31>C31,D31-C31,C31-D31) -> 0.16666667 | H31: =IF(G31>F31,G31-F31,F31-G31) -> 0 | I31: 0.75 | J31: 0.91666667 | K31: =IF(J31>I31,J31-I31,I31-J31) -> 0.16666667 | L31: =E31+H31+K31 -> 0.33333333
B32: DAUDET | E32: =IF(D32>C32,D32-C32,C32-D32) -> 0 | F32: 0.58333333 | G32: 0.75 | H32: =IF(G32>F32,G32-F32,F32-G32) -> 0.16666667 | I32: 0.75 | J32: 0.91666667 | K32: =IF(J32>I32,J32-I32,I32-J32) -> 0.16666667 | L32: =E32+H32+K32 -> 0.33333333
E33: =SUM(E30:E31) -> 0.33333333 | H33: =SUM(H30:H31) -> 0 | K33: =SUM(K30:K32) -> 0.5 | L33: =SUM(L30:L32) -> 1
C34: =+C27 -> CUISINE DETENTE | G34: VENDREDI | H34: =+H27+1 -> 46248
C35: matin | F35: après-midi | I35: soir
B36: Personne | C36: entrée | D36: sortie | E36: durée | F36: entrée | G36: sortie | H36: durée | I36: entrée | J36: sortie | K36: durée | L36: durée total
A37: P515 | B37: JOHNNY | C37: 0.41666667 | D37: 0.58333333 | E37: =IF(D37>C37,D37-C37,C37-D37) -> 0.16666667 | H37: =IF(G37>F37,G37-F37,F37-G37) -> 0 | I37: 0.75 | J37: 0.91666667 | K37: =IF(J37>I37,J37-I37,I37-J37) -> 0.16666667 | L37: =E37+H37+K37 -> 0.33333333
A38: P524 | B38: CHRISTOPHE | C38: 0.41666667 | D38: 0.58333333 | E38: =IF(D38>C38,D38-C38,C38-D38) -> 0.16666667 | H38: =IF(G38>F38,G38-F38,F38-G38) -> 0 | I38: 0.75 | J38: 0.91666667 | K38: =IF(J38>I38,J38-I38,I38-J38) -> 0.16666667 | L38: =E38+H38+K38 -> 0.33333333
B39: DAUDET | E39: =IF(D39>C39,D39-C39,C39-D39) -> 0 | F39: 0.58333333 | G39: 0.75 | H39: =IF(G39>F39,G39-F39,F39-G39) -> 0.16666667 | I39: 0.75 | J39: 0.91666667 | K39: =IF(J39>I39,J39-I39,I39-J39) -> 0.16666667 | L39: =E39+H39+K39 -> 0.33333333
E40: =SUM(E37:E38) -> 0.33333333 | H40: =SUM(H37:H38) -> 0 | K40: =SUM(K37:K39) -> 0.5 | L40: =SUM(L37:L39) -> 1
C41: =+C34 -> CUISINE DETENTE | G41: SAMEDI | H41: =+H34+1 -> 46249
C42: matin | F42: après-midi | I42: soir
B43: Personne | C43: entrée | D43: sortie | E43: durée | F43: entrée | G43: sortie | H43: durée | I43: entrée | J43: sortie | K43: durée | L43: durée total
A44: P515 | B44: JOHNNY | C44: 0.41666667 | D44: 0.58333333 | E44: =IF(D44>C44,D44-C44,C44-D44) -> 0.16666667 | H44: =IF(G44>F44,G44-F44,F44-G44) -> 0 | I44: 0.75 | J44: 0.91666667 | K44: =IF(J44>I44,J44-I44,I44-J44) -> 0.16666667 | L44: =E44+H44+K44 -> 0.33333333
A45: P524 | B45: CHRISTOPHE | C45: 0.41666667 | D45: 0.58333333 | E45: =IF(D45>C45,D45-C45,C45-D45) -> 0.16666667 | H45: =IF(G45>F45,G45-F45,F45-G45) -> 0 | I45: 0.75 | J45: 0.91666667 | K45: =IF(J45>I45,J45-I45,I45-J45) -> 0.16666667 | L45: =E45+H45+K45 -> 0.33333333
B46: DAUDET | E46: =IF(D46>C46,D46-C46,C46-D46) -> 0 | F46: 0.58333333 | G46: 0.75 | H46: =IF(G46>F46,G46-F46,F46-G46) -> 0.16666667 | I46: 0.75 | J46: 0.91666667 | K46: =IF(J46>I46,J46-I46,I46-J46) -> 0.16666667 | L46: =E46+H46+K46 -> 0.33333333
E47: =SUM(E44:E45) -> 0.33333333 | H47: =SUM(H44:H45) -> 0 | K47: =SUM(K44:K46) -> 0.5 | L47: =SUM(L44:L46) -> 1
C48: =+C41 -> CUISINE DETENTE | G48: DIMANCHE | H48: =+H41+1 -> 46250
C49: matin | F49: après-midi | I49: soir
B50: Personne | C50: entrée | D50: sortie | E50: durée | F50: entrée | G50: sortie | H50: durée | I50: entrée | J50: sortie | K50: durée | L50: durée total
A51: P515 | B51: JOHNNY | C51: 0.41666667 | D51: 0.58333333 | E51: =IF(D51>C51,D51-C51,C51-D51) -> 0.16666667 | H51: =IF(G51>F51,G51-F51,F51-G51) -> 0 | I51: 0.75 | J51: 0.91666667 | K51: =IF(J51>I51,J51-I51,I51-J51) -> 0.16666667 | L51: =E51+H51+K51 -> 0.33333333
A52: P524 | B52: CHRISTOPHE | C52: 0.41666667 | D52: 0.58333333 | E52: =IF(D52>C52,D52-C52,C52-D52) -> 0.16666667 | H52: =IF(G52>F52,G52-F52,F52-G52) -> 0 | I52: 0.75 | J52: 0.91666667 | K52: =IF(J52>I52,J52-I52,I52-J52) -> 0.16666667 | L52: =E52+H52+K52 -> 0.33333333
B53: DAUDET | E53: =IF(D53>C53,D53-C53,C53-D53) -> 0 | F53: 0.58333333 | G53: 0.75 | H53: =IF(G53>F53,G53-F53,F53-G53) -> 0.16666667 | I53: 0.75 | J53: 0.91666667 | K53: =IF(J53>I53,J53-I53,I53-J53) -> 0.16666667 | L53: =E53+H53+K53 -> 0.33333333
E54: =SUM(E51:E52) -> 0.33333333 | H54: =SUM(H51:H52) -> 0 | K54: =SUM(K51:K53) -> 0.5 | L54: =SUM(L51:L53) -> 1
C56: =+C48 -> CUISINE DETENTE | G56: LUNDI | H56: =+H48+1 -> 46251
C57: matin | F57: après-midi | I57: soir
B58: Personne | C58: entrée | D58: sortie | E58: durée | F58: entrée | G58: sortie | H58: durée | I58: entrée | J58: sortie | K58: durée | L58: durée total
A59: P515 | B59: JOHNNY | C59: 0.41666667 | D59: 0.58333333 | E59: =IF(D59>C59,D59-C59,C59-D59) -> 0.16666667 | H59: =IF(G59>F59,G59-F59,F59-G59) -> 0 | I59: 0.75 | J59: 0.91666667 | K59: =IF(J59>I59,J59-I59,I59-J59) -> 0.16666667 | L59: =E59+H59+K59 -> 0.33333333
A60: P524 | B60: CHRISTOPHE | E60: =IF(D60>C60,D60-C60,C60-D60) -> 0 | H60: =IF(G60>F60,G60-F60,F60-G60) -> 0 | K60: =IF(J60>I60,J60-I60,I60-J60) -> 0 | L60: =E60+H60+K60 -> 0 | M60: REPOS
B61: DAUDET | E61: =IF(D61>C61,D61-C61,C61-D61) -> 0 | F61: 0.58333333 | G61: 0.75 | H61: =IF(G61>F61,G61-F61,F61-G61) -> 0.16666667 | I61: 0.75 | J61: 0.91666667 | K61: =IF(J61>I61,J61-I61,I61-J61) -> 0.16666667 | L61: =E61+H61+K61 -> 0.33333333
E62: =SUM(E59:E60) -> 0.16666667 | H62: =SUM(H59:H60) -> 0 | K62: =SUM(K59:K61) -> 0.33333333 | L62: =SUM(L59:L61) -> 0.66666667

Sheet SALLE DETENTE
E2: EMPLOI DU TEMPS DETENTE WEEK 37
C5: SALLE DETENTE | G5: =+MAINTENANCE!G5 -> LUNDI | H5: =+MAINTENANCE!H5 -> 46244
C6: matin | F6: après-midi | I6: soir
B7: Personne | C7: entrée | D7: sortie | E7: durée | F7: entrée | G7: sortie | H7: durée | I7: entrée | J7: sortie | K7: durée | L7: durée total
A8: P331 | B8: JERRY | E8: =IF(D8>C8,D8-C8,C8-D8) -> 0 | H8: =IF(G8>F8,G8-F8,F8-G8) -> 0 | K8: =IF(J8>I8,J8-I8,I8-J8) -> 0 | L8: =E8+H8+K8 -> 0 | M8: REPOS
A9: P348 | B9: DENIS | E9: =IF(D9>C9,D9-C9,C9-D9) -> 0 | H9: =IF(G9>F9,G9-F9,F9-G9) -> 0 | K9: =IF(J9>I9,J9-I9,I9-J9) -> 0 | L9: =E9+H9+K9 -> 0
A10: P503 | B10: BRANDON | C10: 0.41666667 | D10: 0.5 | E10: =IF(D10>C10,D10-C10,C10-D10) -> 0.083333333 | F10: 0.5 | G10: 0.58333333 | H10: =IF(G10>F10,G10-F10,F10-G10) -> 0.083333333 | I10: 0.75 | J10: 0.91666667 | K10: =IF(J10>I10,J10-I10,I10-J10) -> 0.16666667 | L10: =E10+H10+K10 -> 0.33333333
A11: P518 | B11: LAZA | E11: =IF(D11>C11,D11-C11,C11-D11) -> 0 | F11: 0.58333333 | G11: 0.75 | H11: =IF(G11>F11,G11-F11,F11-G11) -> 0.16666667 | I11: 0.75 | J11: 0.91666667 | K11: =IF(J11>I11,J11-I11,I11-J11) -> 0.16666667 | L11: =E11+H11+K11 -> 0.33333333
A12: P538 | B12: ERICKA | E12: =IF(D12>C12,D12-C12,C12-D12) -> 0 | F12: 0.58333333 | G12: 0.75 | H12: =IF(G12>F12,G12-F12,F12-G12) -> 0.16666667 | I12: 0.75 | J12: 0.91666667 | K12: =IF(J12>I12,J12-I12,I12-J12) -> 0.16666667 | L12: =E12+H12+K12 -> 0.33333333
A13: P541 | B13: TATIANAH | C13: 0.25 | D13: 0.5 | E13: =IF(D13>C13,D13-C13,C13-D13) -> 0.25 | F13: 0.5 | G13: 0.58333333 | H13: =IF(G13>F13,G13-F13,F13-G13) -> 0.083333333 | K13: =IF(J13>I13,J13-I13,I13-J13) -> 0 | L13: =E13+H13+K13 -> 0.33333333
B14: KANTO | C14: 0.25 | D14: 0.5 | E14: =IF(D14>C14,D14-C14,C14-D14) -> 0.25 | F14: 0.5 | G14: 0.58333333 | H14: =IF(G14>F14,G14-F14,F14-G14) -> 0.083333333 | K14: =IF(J14>I14,J14-I14,I14-J14) -> 0 | L14: =E14+H14+K14 -> 0.33333333
B15: FANJA | C15: 0.41666667 | D15: 0.5 | E15: =IF(D15>C15,D15-C15,C15-D15) -> 0.083333333 | F15: 0.5 | G15: 0.58333333 | H15: =IF(G15>F15,G15-F15,F15-G15) -> 0.083333333 | I15: 0.75 | J15: 0.91666667 | K15: =IF(J15>I15,J15-I15,I15-J15) -> 0.16666667 | L15: =E15+H15+K15 -> 0.33333333
E16: =SUM(E8:E15) -> 0.66666667 | H16: =SUM(H8:H15) -> 0.66666667 | K16: =SUM(K8:K15) -> 0.66666667 | L16: =SUM(L8:L15) -> 2
C19: SALLE DETENTE | G19: MARDI | H19: =+H5+1 -> 46245
C20: matin | F20: après-midi | I20: soir
B21: Personne | C21: entrée | D21: sortie | E21: durée | F21: entrée | G21: sortie | H21: durée | I21: entrée | J21: sortie | K21: durée | L21: durée total
A22: P331 | B22: JERRY | C22: 0.25 | D22: 0.5 | E22: =IF(D22>C22,D22-C22,C22-D22) -> 0.25 | F22: 0.5 | G22: 0.58333333 | H22: =IF(G22>F22,G22-F22,F22-G22) -> 0.083333333 | I22: 0.75 | J22: 0.91666667 | K22: =IF(J22>I22,J22-I22,I22-J22) -> 0.16666667 | L22: =E22+H22+K22 -> 0.5
A23: P503 | B23: BRANDON | E23: =IF(D23>C23,D23-C23,C23-D23) -> 0 | F23: 0.58333333 | G23: 0.75 | H23: =IF(G23>F23,G23-F23,F23-G23) -> 0.16666667 | I23: 0.75 | J23: 0.91666667 | K23: =IF(J23>I23,J23-I23,I23-J23) -> 0.16666667 | L23: =E23+H23+K23 -> 0.33333333
A24: P518 | B24: LAZA | E24: =IF(D24>C24,D24-C24,C24-D24) -> 0 | H24: =IF(G24>F24,G24-F24,F24-G24) -> 0 | K24: =IF(J24>I24,J24-I24,I24-J24) -> 0 | L24: =E24+H24+K24 -> 0 | M24: REPOS
A25: P538 | B25: ERICKA | E25: =IF(D25>C25,D25-C25,C25-D25) -> 0 | F25: 0.58333333 | G25: 0.75 | H25: =IF(G25>F25,G25-F25,F25-G25) -> 0.16666667 | I25: 0.75 | J25: 0.91666667 | K25: =IF(J25>I25,J25-I25,I25-J25) -> 0.16666667 | L25: =E25+H25+K25 -> 0.33333333
A26: P541 | B26: TATIANAH | C26: 0.25 | D26: 0.5 | E26: =IF(D26>C26,D26-C26,C26-D26) -> 0.25 | F26: 0.5 | G26: 0.58333333 | H26: =IF(G26>F26,G26-F26,F26-G26) -> 0.083333333 | K26: =IF(J26>I26,J26-I26,I26-J26) -> 0 | L26: =E26+H26+K26 -> 0.33333333
A27: P457 | B27: LYDIA | E27: =IF(D27>C27,D27-C27,C27-D27) -> 0 | F27: 0.58333333 | G27: 0.75 | H27: =IF(G27>F27,G27-F27,F27-G27) -> 0.16666667 | I27: 0.75 | J27: 0.91666667 | K27: =IF(J27>I27,J27-I27,I27-J27) -> 0.16666667 | L27: =E27+H27+K27 -> 0.33333333
E28: =SUM(E22:E27) -> 0.5 | H28: =SUM(H22:H27) -> 0.66666667 | K28: =SUM(K22:K27) -> 0.66666667 | L28: =SUM(L22:L27) -> 1.8333333
C30: SALLE DETENTE | G30: MERCREDI | H30: =+H19+1 -> 46246
C31: matin | F31: après-midi | I31: soir
B32: Personne | C32: entrée | D32: sortie | E32: durée | F32: entrée | G32: sortie | H32: durée | I32: entrée | J32: sortie | K32: durée | L32: durée total
A33: P331 | B33: JERRY | C33: 0.41666667 | D33: 0.5 | E33: =IF(D33>C33,D33-C33,C33-D33) -> 0.083333333 | F33: 0.5 | G33: 0.75 | H33: =IF(G33>F33,G33-F33,F33-G33) -> 0.25 | I33: 0.75 | J33: 0.91666667 | K33: =IF(J33>I33,J33-I33,I33-J33) -> 0.16666667 | L33: =E33+H33+K33 -> 0.5
A34: P348 | B34: DENIS | E34: =IF(D34>C34,D34-C34,C34-D34) -> 0 | H34: =IF(G34>F34,G34-F34,F34-G34) -> 0 | K34: =IF(J34>I34,J34-I34,I34-J34) -> 0 | L34: =E34+H34+K34 -> 0
A35: P503 | B35: BRANDON | E35: =IF(D35>C35,D35-C35,C35-D35) -> 0 | H35: =IF(G35>F35,G35-F35,F35-G35) -> 0 | K35: =IF(J35>I35,J35-I35,I35-J35) -> 0 | L35: =E35+H35+K35 -> 0 | M35: REPOS
A36: P518 | B36: LAZA | C36: 0.25 | D36: 0.5 | E36: =IF(D36>C36,D36-C36,C36-D36) -> 0.25 | F36: 0.5 | G36: 0.58333333 | H36: =IF(G36>F36,G36-F36,F36-G36) -> 0.083333333 | K36: =IF(J36>I36,J36-I36,I36-J36) -> 0 | L36: =E36+H36+K36 -> 0.33333333
A37: P538 | B37: ERICKA | C37: 0.41666667 | D37: 0.5 | E37: =IF(D37>C37,D37-C37,C37-D37) -> 0.083333333 | F37: 0.5 | G37: 0.75 | H37: =IF(G37>F37,G37-F37,F37-G37) -> 0.25 | K37: =IF(J37>I37,J37-I37,I37-J37) -> 0 | L37: =E37+H37+K37 -> 0.33333333
A38: P541 | B38: TATIANAH | E38: =IF(D38>C38,D38-C38,C38-D38) -> 0 | F38: 0.58333333 | G38: 0.75 | H38: =IF(G38>F38,G38-F38,F38-G38) -> 0.16666667 | I38: 0.75 | J38: 0.91666667 | K38: =IF(J38>I38,J38-I38,I38-J38) -> 0.16666667 | L38: =E38+H38+K38 -> 0.33333333
B39: LYDIA | C39: 0.25 | D39: 0.5 | E39: =IF(D39>C39,D39-C39,C39-D39) -> 0.25 | F39: 0.5 | G39: 0.58333333 | H39: =IF(G39>F39,G39-F39,F39-G39) -> 0.083333333 | K39: =IF(J39>I39,J39-I39,I39-J39) -> 0 | L39: =E39+H39+K39 -> 0.33333333
B40: FANJA | E40: =IF(D40>C40,D40-C40,C40-D40) -> 0 | F40: 0.58333333 | G40: 0.75 | H40: =IF(G40>F40,G40-F40,F40-G40) -> 0.16666667 | I40: 0.75 | J40: 0.91666667 | K40: =IF(J40>I40,J40-I40,I40-J40) -> 0.16666667 | L40: =E40+H40+K40 -> 0.33333333
E41: =SUM(E33:E40) -> 0.66666667 | H41: =SUM(H33:H40) -> 1 | K41: =SUM(K33:K40) -> 0.5 | L41: =SUM(L33:L40) -> 2.1666667
C43: SALLE DETENTE | G43: JEUDI | H43: =+H30+1 -> 46247
C44: matin | F44: après-midi | I44: soir
B45: Personne | C45: entrée | D45: sortie | E45: durée | F45: entrée | G45: sortie | H45: durée | I45: entrée | J45: sortie | K45: durée | L45: durée total
A46: P331 | B46: JERRY | E46: =IF(D46>C46,D46-C46,C46-D46) -> 0 | F46: 0.58333333 | G46: 0.75 | H46: =IF(G46>F46,G46-F46,F46-G46) -> 0.16666667 | I46: 0.75 | J46: 0.91666667 | K46: =IF(J46>I46,J46-I46,I46-J46) -> 0.16666667 | L46: =E46+H46+K46 -> 0.33333333
A47: P348 | B47: DENIS | E47: =IF(D47>C47,D47-C47,C47-D47) -> 0 | H47: =IF(G47>F47,G47-F47,F47-G47) -> 0 | K47: =IF(J47>I47,J47-I47,I47-J47) -> 0 | L47: =E47+H47+K47 -> 0
A48: P503 | B48: BRANDON | C48: 0.25 | D48: 0.5 | E48: =IF(D48>C48,D48-C48,C48-D48) -> 0.25 | F48: 0.5 | G48: 0.58333333 | H48: =IF(G48>F48,G48-F48,F48-G48) -> 0.083333333 | K48: =IF(J48>I48,J48-I48,I48-J48) -> 0 | L48: =E48+H48+K48 -> 0.33333333
A49: P518 | B49: LAZA | E49: =IF(D49>C49,D49-C49,C49-D49) -> 0 | F49: 0.58333333 | G49: 0.75 | H49: =IF(G49>F49,G49-F49,F49-G49) -> 0.16666667 | I49: 0.75 | J49: 0.91666667 | K49: =IF(J49>I49,J49-I49,I49-J49) -> 0.16666667 | L49: =E49+H49+K49 -> 0.33333333
A50: P538 | B50: ERICKA | E50: =IF(D50>C50,D50-C50,C50-D50) -> 0 | H50: =IF(G50>F50,G50-F50,F50-G50) -> 0 | K50: =IF(J50>I50,J50-I50,I50-J50) -> 0 | L50: =E50+H50+K50 -> 0 | M50: REPOS
A51: P541 | B51: TATIANAH | C51: 0.25 | D51: 0.5 | E51: =IF(D51>C51,D51-C51,C51-D51) -> 0.25 | F51: 0.5 | G51: 0.58333333 | H51: =IF(G51>F51,G51-F51,F51-G51) -> 0.083333333 | K51: =IF(J51>I51,J51-I51,I51-J51) -> 0 | L51: =E51+H51+K51 -> 0.33333333
E52: =SUM(E46:E51) -> 0.5 | H52: =SUM(H46:H51) -> 0.5 | K52: =SUM(K46:K51) -> 0.33333333 | L52: =SUM(L46:L51) -> 1.3333333
C54: SALLE DETENTE | G54: VENDREDI | H54: =+H43+1 -> 46248
C55: matin | F55: après-midi | I55: soir
B56: Personne | C56: entrée | D56: sortie | E56: durée | F56: entrée | G56: sortie | H56: durée | I56: entrée | J56: sortie | K56: durée | L56: durée total
A57: P331 | B57: JERRY | C57: 0.41666667 | D57: 0.5 | E57: =IF(D57>C57,D57-C57,C57-D57) -> 0.083333333 | F57: 0.5 | G57: 0.58333333 | H57: =IF(G57>F57,G57-F57,F57-G57) -> 0.083333333 | I57: 0.75 | J57: 0.91666667 | K57: =IF(J57>I57,J57-I57,I57-J57) -> 0.16666667 | L57: =E57+H57+K57 -> 0.33333333
A58: P348 | B58: DENIS | E58: =IF(D58>C58,D58-C58,C58-D58) -> 0 | H58: =IF(G58>F58,G58-F58,F58-G58) -> 0 | K58: =IF(J58>I58,J58-I58,I58-J58) -> 0 | L58: =E58+H58+K58 -> 0
A59: P503 | B59: BRANDON | E59: =IF(D59>C59,D59-C59,C59-D59) -> 0 | F59: 0.58333333 | G59: 0.75 | H59: =IF(G59>F59,G59-F59,F59-G59) -> 0.16666667 | I59: 0.75 | J59: 0.91666667 | K59: =IF(J59>I59,J59-I59,I59-J59) -> 0.16666667 | L59: =E59+H59+K59 -> 0.33333333
A60: P518 | B60: LAZA | C60: 0.41666667 | D60: 0.5 | E60: =IF(D60>C60,D60-C60,C60-D60) -> 0.083333333 | F60: 0.5 | G60: 0.58333333 | H60: =IF(G60>F60,G60-F60,F60-G60) -> 0.083333333 | I60: 0.75 | J60: 0.91666667 | K60: =IF(J60>I60,J60-I60,I60-J60) -> 0.16666667 | L60: =E60+H60+K60 -> 0.33333333
A61: P538 | B61: ERICKA | C61: 0.25 | D61: 0.5 | E61: =IF(D61>C61,D61-C61,C61-D61) -> 0.25 | F61: 0.5 | G61: 0.58333333 | H61: =IF(G61>F61,G61-F61,F61-G61) -> 0.083333333 | K61: =IF(J61>I61,J61-I61,I61-J61) -> 0 | L61: =E61+H61+K61 -> 0.33333333
A62: P541 | B62: TATIANAH | E62: =IF(D62>C62,D62-C62,C62-D62) -> 0 | F62: 0.58333333 | G62: 0.75 | H62: =IF(G62>F62,G62-F62,F62-G62) -> 0.16666667 | I62: 0.75 | J62: 0.91666667 | K62: =IF(J62>I62,J62-I62,I62-J62) -> 0.16666667 | L62: =E62+H62+K62 -> 0.33333333
E63: =SUM(E57:E62) -> 0.41666667 | H63: =SUM(H57:H62) -> 0.58333333 | K63: =SUM(K57:K62) -> 0.66666667 | L63: =SUM(L57:L62) -> 1.6666667
C65: SALLE DETENTE | G65: SAMEDI | H65: =+H54+1 -> 46249
C66: matin | F66: après-midi | I66: soir
B67: Personne | C67: entrée | D67: sortie | E67: durée | F67: entrée | G67: sortie | H67: durée | I67: entrée | J67: sortie | K67: durée | L67: durée total
A68: P331 | B68: JERRY | C68: 0.25 | D68: 0.5 | E68: =IF(D68>C68,D68-C68,C68-D68) -> 0.25 | F68: 0.5 | G68: 0.58333333 | H68: =IF(G68>F68,G68-F68,F68-G68) -> 0.083333333 | K68: =IF(J68>I68,J68-I68,I68-J68) -> 0 | L68: =E68+H68+K68 -> 0.33333333
A69: P348 | B69: DENIS | E69: =IF(D69>C69,D69-C69,C69-D69) -> 0 | H69: =IF(G69>F69,G69-F69,F69-G69) -> 0 | K69: =IF(J69>I69,J69-I69,I69-J69) -> 0 | L69: =E69+H69+K69 -> 0
A70: P503 | B70: BRANDON | E70: =IF(D70>C70,D70-C70,C70-D70) -> 0 | F70: 0.58333333 | G70: 0.75 | H70: =IF(G70>F70,G70-F70,F70-G70) -> 0.16666667 | I70: 0.75 | J70: 0.91666667 | K70: =IF(J70>I70,J70-I70,I70-J70) -> 0.16666667 | L70: =E70+H70+K70 -> 0.33333333
A71: P518 | B71: LAZA | E71: =IF(D71>C71,D71-C71,C71-D71) -> 0 | F71: 0.58333333 | G71: 0.75 | H71: =IF(G71>F71,G71-F71,F71-G71) -> 0.16666667 | I71: 0.75 | J71: 0.91666667 | K71: =IF(J71>I71,J71-I71,I71-J71) -> 0.16666667 | L71: =E71+H71+K71 -> 0.33333333
A72: P538 | B72: ERICKA | C72: 0.41666667 | D72: 0.5 | E72: =IF(D72>C72,D72-C72,C72-D72) -> 0.083333333 | F72: 0.5 | G72: 0.58333333 | H72: =IF(G72>F72,G72-F72,F72-G72) -> 0.083333333 | I72: 0.75 | J72: 0.91666667 | K72: =IF(J72>I72,J72-I72,I72-J72) -> 0.16666667 | L72: =E72+H72+K72 -> 0.33333333
A73: P541 | B73: TATIANAH | E73: =IF(D73>C73,D73-C73,C73-D73) -> 0 | H73: =IF(G73>F73,G73-F73,F73-G73) -> 0 | K73: =IF(J73>I73,J73-I73,I73-J73) -> 0 | L73: =E73+H73+K73 -> 0 | M73: REPOS
A74: P457 | B74: LYDIA | C74: 0.25 | D74: 0.5 | E74: =IF(D74>C74,D74-C74,C74-D74) -> 0.25 | F74: 0.5 | G74: 0.58333333 | H74: =IF(G74>F74,G74-F74,F74-G74) -> 0.083333333 | K74: =IF(J74>I74,J74-I74,I74-J74) -> 0 | L74: =E74+H74+K74 -> 0.33333333
E75: =SUM(E68:E74) -> 0.58333333 | H75: =SUM(H68:H74) -> 0.58333333 | K75: =SUM(K68:K74) -> 0.5 | L75: =SUM(L68:L74) -> 1.6666667
C77: SALLE DETENTE | G77: DIMANCHE | H77: =+H65+1 -> 46250
C78: matin | F78: après-midi | I78: soir
B79: Personne | C79: entrée | D79: sortie | E79: durée | F79: entrée | G79: sortie | H79: durée | I79: entrée | J79: sortie | K79: durée | L79: durée total
A80: P331 | B80: JERRY | E80: =IF(D80>C80,D80-C80,C80-D80) -> 0 | F80: 0.58333333 | G80: 0.75 | H80: =IF(G80>F80,G80-F80,F80-G80) -> 0.16666667 | I80: 0.75 | J80: 0.91666667 | K80: =IF(J80>I80,J80-I80,I80-J80) -> 0.16666667 | L80: =E80+H80+K80 -> 0.33333333
A81: P348 | B81: DENIS | E81: =IF(D81>C81,D81-C81,C81-D81) -> 0 | H81: =IF(G81>F81,G81-F81,F81-G81) -> 0 | K81: =IF(J81>I81,J81-I81,I81-J81) -> 0 | L81: =E81+H81+K81 -> 0
A82: P503 | B82: BRANDON | C82: 0.25 | D82: 0.5 | E82: =IF(D82>C82,D82-C82,C82-D82) -> 0.25 | F82: 0.5 | G82: 0.58333333 | H82: =IF(G82>F82,G82-F82,F82-G82) -> 0.083333333 | K82: =IF(J82>I82,J82-I82,I82-J82) -> 0 | L82: =E82+H82+K82 -> 0.33333333
A83: P518 | B83: LAZA | E83: =IF(D83>C83,D83-C83,C83-D83) -> 0 | F83: 0.58333333 | G83: 0.75 | H83: =IF(G83>F83,G83-F83,F83-G83) -> 0.16666667 | I83: 0.75 | J83: 0.91666667 | K83: =IF(J83>I83,J83-I83,I83-J83) -> 0.16666667 | L83: =E83+H83+K83 -> 0.33333333
A84: P538 | B84: ERICKA | E84: =IF(D84>C84,D84-C84,C84-D84) -> 0 | F84: 0.58333333 | G84: 0.75 | H84: =IF(G84>F84,G84-F84,F84-G84) -> 0.16666667 | I84: 0.75 | J84: 0.91666667 | K84: =IF(J84>I84,J84-I84,I84-J84) -> 0.16666667 | L84: =E84+H84+K84 -> 0.33333333
A85: P541 | B85: TATIANAH | C85: 0.25 | D85: 0.5 | E85: =IF(D85>C85,D85-C85,C85-D85) -> 0.25 | F85: 0.5 | G85: 0.58333333 | H85: =IF(G85>F85,G85-F85,F85-G85) -> 0.083333333 | K85: =IF(J85>I85,J85-I85,I85-J85) -> 0 | L85: =E85+H85+K85 -> 0.33333333
E86: =SUM(E80:E85) -> 0.5 | H86: =SUM(H80:H85) -> 0.66666667 | K86: =SUM(K80:K85) -> 0.5 | L86: =SUM(L80:L85) -> 1.6666667

Sheet CUISINE RESTO
E2: EMPLOI DU TEMPS CUISINE RESTO WEEK 36
C5: CUISINE RESTO | G5: =+MAINTENANCE!G5 -> LUNDI | H5: =+'CUISINE DETENTE'!H5 -> 46244
C6: matin | F6: après-midi | I6: soir
B7: Personne | C7: entrée | D7: sortie | E7: durée | F7: entrée | G7: sortie | H7: durée | I7: entrée | J7: sortie | K7: durée | L7: durée total
A8: P525 | B8: ANJARA | C8: 0.41666667 | D8: 0.58333333 | E8: =IF(D8>C8,D8-C8,C8-D8) -> 0.16666667 | H8: =IF(G8>F8,G8-F8,F8-G8) -> 0 | I8: 0.75 | J8: 0.91666667 | K8: =IF(J8>I8,J8-I8,I8-J8) -> 0.16666667 | L8: =E8+H8+K8 -> 0.33333333
A9: P545 | B9: CELESTIN | C9: 0.25 | D9: 0.5 | E9: =IF(D9>C9,D9-C9,C9-D9) -> 0.25 | F9: 0.5 | G9: 0.58333333 | H9: =IF(G9>F9,G9-F9,F9-G9) -> 0.083333333 | K9: =IF(J9>I9,J9-I9,I9-J9) -> 0 | L9: =E9+H9+K9 -> 0.33333333
A10: P441 | B10: CHRISTIAN | E10: =IF(D10>C10,D10-C10,C10-D10) -> 0 | F10: 0.58333333 | G10: 0.75 | H10: =IF(G10>F10,G10-F10,F10-G10) -> 0.16666667 | I10: 0.75 | J10: 0.91666667 | K10: =IF(J10>I10,J10-I10,I10-J10) -> 0.16666667 | L10: =E10+H10+K10 -> 0.33333333
A11: P439 | B11: HERY | E11: =IF(D11>C11,D11-C11,C11-D11) -> 0 | H11: =IF(G11>F11,G11-F11,F11-G11) -> 0 | K11: =IF(J11>I11,J11-I11,I11-J11) -> 0 | L11: =E11+H11+K11 -> 0 | M11: REPOS
A12: P542 | B12: JEAN JACQUES | E12: =IF(D12>C12,D12-C12,C12-D12) -> 0 | H12: =IF(G12>F12,G12-F12,F12-G12) -> 0 | K12: =IF(J12>I12,J12-I12,I12-J12) -> 0 | L12: =E12+H12+K12 -> 0 | M12: REPOS
A13: P501 | B13: PATRICK | E13: =IF(D13>C13,D13-C13,C13-D13) -> 0 | F13: 0.58333333 | G13: 0.75 | H13: =IF(G13>F13,G13-F13,F13-G13) -> 0.16666667 | I13: 0.75 | J13: 0.91666667 | K13: =IF(J13>I13,J13-I13,I13-J13) -> 0.16666667 | L13: =E13+H13+K13 -> 0.33333333
A14: P461 | B14: SAFIDY | E14: =IF(D14>C14,D14-C14,C14-D14) -> 0 | H14: =IF(G14>F14,G14-F14,F14-G14) -> 0 | K14: =IF(J14>I14,J14-I14,I14-J14) -> 0 | L14: =E14+H14+K14 -> 0 | M14: REPOS
A15: P268 | B15: ROLAND | C15: 0.25 | D15: 0.5 | E15: =IF(D15>C15,D15-C15,C15-D15) -> 0.25 | F15: 0.5 | G15: 0.58333333 | H15: =IF(G15>F15,G15-F15,F15-G15) -> 0.083333333 | K15: =IF(J15>I15,J15-I15,I15-J15) -> 0 | L15: =E15+H15+K15 -> 0.33333333
A16: P411 | B16: TOLOTRA | C16: 0.41666667 | D16: 0.58333333 | E16: =IF(D16>C16,D16-C16,C16-D16) -> 0.16666667 | H16: =IF(G16>F16,G16-F16,F16-G16) -> 0 | I16: 0.75 | J16: 0.91666667 | K16: =IF(J16>I16,J16-I16,I16-J16) -> 0.16666667 | L16: =E16+H16+K16 -> 0.33333333
A17: P449 | B17: TSILAVINA | C17: 0.25 | D17: 0.5 | E17: =IF(D17>C17,D17-C17,C17-D17) -> 0.25 | F17: 0.5 | G17: 0.58333333 | H17: =IF(G17>F17,G17-F17,F17-G17) -> 0.083333333 | K17: =IF(J17>I17,J17-I17,I17-J17) -> 0 | L17: =E17+H17+K17 -> 0.33333333
A18: P546 | B18: XAVIER | C18: 0.41666667 | D18: 0.58333333 | E18: =IF(D18>C18,D18-C18,C18-D18) -> 0.16666667 | H18: =IF(G18>F18,G18-F18,F18-G18) -> 0 | I18: 0.75 | J18: 0.91666667 | K18: =IF(J18>I18,J18-I18,I18-J18) -> 0.16666667 | L18: =E18+H18+K18 -> 0.33333333
A19: Stagiaire | B19: TOKY | C19: 0.41666667 | D19: 0.58333333 | E19: =IF(D19>C19,D19-C19,C19-D19) -> 0.16666667 | H19: =IF(G19>F19,G19-F19,F19-G19) -> 0 | I19: 0.75 | J19: 0.91666667 | K19: =IF(J19>I19,J19-I19,I19-J19) -> 0.16666667 | L19: =E19+H19+K19 -> 0.33333333
A20: Stagiaire | B20: NANJA | E20: =IF(D20>C20,D20-C20,C20-D20) -> 0 | H20: =IF(G20>F20,G20-F20,F20-G20) -> 0 | K20: =IF(J20>I20,J20-I20,I20-J20) -> 0 | L20: =E20+H20+K20 -> 0 | M20: REPOS
E21: =SUM(E8:E20) -> 1.4166667 | H21: =SUM(H8:H20) -> 0.58333333 | K21: =SUM(K8:K20) -> 1 | L21: =SUM(L8:L20) -> 3
C23: =+C5 -> CUISINE RESTO | G23: MARDI | H23: =+H5+1 -> 46245
C24: matin | F24: après-midi | I24: soir
B25: Personne | C25: entrée | D25: sortie | E25: durée | F25: entrée | G25: sortie | H25: durée | I25: entrée | J25: sortie | K25: durée | L25: durée total
A26: P525 | B26: ANJARA | E26: =IF(D26>C26,D26-C26,C26-D26) -> 0 | H26: =IF(G26>F26,G26-F26,F26-G26) -> 0 | K26: =IF(J26>I26,J26-I26,I26-J26) -> 0 | L26: =E26+H26+K26 -> 0 | M26: REPOS
A27: P545 | B27: CELESTIN | E27: =IF(D27>C27,D27-C27,C27-D27) -> 0 | H27: =IF(G27>F27,G27-F27,F27-G27) -> 0 | K27: =IF(J27>I27,J27-I27,I27-J27) -> 0 | L27: =E27+H27+K27 -> 0 | M27: REPOS
A28: P441 | B28: CHRISTIAN | E28: =IF(D28>C28,D28-C28,C28-D28) -> 0 | F28: 0.58333333 | G28: 0.75 | H28: =IF(G28>F28,G28-F28,F28-G28) -> 0.16666667 | I28: 0.75 | J28: 0.91666667 | K28: =IF(J28>I28,J28-I28,I28-J28) -> 0.16666667 | L28: =E28+H28+K28 -> 0.33333333
A29: P439 | B29: HERY | C29: 0.25 | D29: 0.5 | E29: =IF(D29>C29,D29-C29,C29-D29) -> 0.25 | F29: 0.5 | G29: 0.58333333 | H29: =IF(G29>F29,G29-F29,F29-G29) -> 0.083333333 | K29: =IF(J29>I29,J29-I29,I29-J29) -> 0 | L29: =E29+H29+K29 -> 0.33333333
A30: P542 | B30: JEAN JACQUES | C30: 0.25 | D30: 0.5 | E30: =IF(D30>C30,D30-C30,C30-D30) -> 0.25 | F30: 0.5 | G30: 0.58333333 | H30: =IF(G30>F30,G30-F30,F30-G30) -> 0.083333333 | K30: =IF(J30>I30,J30-I30,I30-J30) -> 0 | L30: =E30+H30+K30 -> 0.33333333
A31: P501 | B31: PATRICK | C31: 0.41666667 | D31: 0.58333333 | E31: =IF(D31>C31,D31-C31,C31-D31) -> 0.16666667 | H31: =IF(G31>F31,G31-F31,F31-G31) -> 0 | I31: 0.75 | J31: 0.91666667 | K31: =IF(J31>I31,J31-I31,I31-J31) -> 0.16666667 | L31: =E31+H31+K31 -> 0.33333333
A32: P461 | B32: SAFIDY | C32: 0.25 | D32: 0.5 | E32: =IF(D32>C32,D32-C32,C32-D32) -> 0.25 | F32: 0.5 | G32: 0.58333333 | H32: =IF(G32>F32,G32-F32,F32-G32) -> 0.083333333 | K32: =IF(J32>I32,J32-I32,I32-J32) -> 0 | L32: =E32+H32+K32 -> 0.33333333
A33: P268 | B33: ROLAND | C33: 0.25 | D33: 0.5 | E33: =IF(D33>C33,D33-C33,C33-D33) -> 0.25 | F33: 0.5 | G33: 0.58333333 | H33: =IF(G33>F33,G33-F33,F33-G33) -> 0.083333333 | K33: =IF(J33>I33,J33-I33,I33-J33) -> 0 | L33: =E33+H33+K33 -> 0.33333333
A34: P411 | B34: TOLOTRA | C34: 0.41666667 | D34: 0.58333333 | E34: =IF(D34>C34,D34-C34,C34-D34) -> 0.16666667 | H34: =IF(G34>F34,G34-F34,F34-G34) -> 0 | I34: 0.75 | J34: 0.91666667 | K34: =IF(J34>I34,J34-I34,I34-J34) -> 0.16666667 | L34: =E34+H34+K34 -> 0.33333333
A35: P449 | B35: TSILAVINA | E35: =IF(D35>C35,D35-C35,C35-D35) -> 0 | H35: =IF(G35>F35,G35-F35,F35-G35) -> 0 | K35: =IF(J35>I35,J35-I35,I35-J35) -> 0 | L35: =E35+H35+K35 -> 0 | M35: REPOS
A36: P546 | B36: XAVIER | E36: =IF(D36>C36,D36-C36,C36-D36) -> 0 | F36: 0.58333333 | G36: 0.75 | H36: =IF(G36>F36,G36-F36,F36-G36) -> 0.16666667 | I36: 0.75 | J36: 0.91666667 | K36: =IF(J36>I36,J36-I36,I36-J36) -> 0.16666667 | L36: =E36+H36+K36 -> 0.33333333
A37: Stagiaire | B37: TOKY | E37: =IF(D37>C37,D37-C37,C37-D37) -> 0 | F37: 0.58333333 | G37: 0.75 | H37: =IF(G37>F37,G37-F37,F37-G37) -> 0.16666667 | I37: 0.75 | J37: 0.91666667 | K37: =IF(J37>I37,J37-I37,I37-J37) -> 0.16666667 | L37: =E37+H37+K37 -> 0.33333333
A38: Stagiaire | B38: NANJA | C38: 0.41666667 | D38: 0.58333333 | E38: =IF(D38>C38,D38-C38,C38-D38) -> 0.16666667 | H38: =IF(G38>F38,G38-F38,F38-G38) -> 0 | I38: 0.75 | J38: 0.91666667 | K38: =IF(J38>I38,J38-I38,I38-J38) -> 0.16666667 | L38: =E38+H38+K38 -> 0.33333333
E39: =SUM(E26:E38) -> 1.5 | H39: =SUM(H26:H38) -> 0.83333333 | K39: =SUM(K26:K38) -> 1 | L39: =SUM(L26:L38) -> 3.3333333
C41: =+C23 -> CUISINE RESTO | G41: MERCREDI | H41: =+H23+1 -> 46246
C42: matin | F42: après-midi | I42: soir
B43: Personne | C43: entrée | D43: sortie | E43: durée | F43: entrée | G43: sortie | H43: durée | I43: entrée | J43: sortie | K43: durée | L43: durée total
A44: P525 | B44: ANJARA | E44: =IF(D44>C44,D44-C44,C44-D44) -> 0 | F44: 0.58333333 | G44: 0.75 | H44: =IF(G44>F44,G44-F44,F44-G44) -> 0.16666667 | I44: 0.75 | J44: 0.91666667 | K44: =IF(J44>I44,J44-I44,I44-J44) -> 0.16666667 | L44: =E44+H44+K44 -> 0.33333333
A45: P545 | B45: CELESTIN | C45: 0.25 | D45: 0.5 | E45: =IF(D45>C45,D45-C45,C45-D45) -> 0.25 | F45: 0.5 | G45: 0.58333333 | H45: =IF(G45>F45,G45-F45,F45-G45) -> 0.083333333 | K45: =IF(J45>I45,J45-I45,I45-J45) -> 0 | L45: =E45+H45+K45 -> 0.33333333
A46: P441 | B46: CHRISTIAN | E46: =IF(D46>C46,D46-C46,C46-D46) -> 0 | H46: =IF(G46>F46,G46-F46,F46-G46) -> 0 | K46: =IF(J46>I46,J46-I46,I46-J46) -> 0 | L46: =E46+H46+K46 -> 0 | M46: REPOS
A47: P439 | B47: HERY | C47: 0.25 | D47: 0.5 | E47: =IF(D47>C47,D47-C47,C47-D47) -> 0.25 | F47: 0.5 | G47: 0.58333333 | H47: =IF(G47>F47,G47-F47,F47-G47) -> 0.083333333 | K47: =IF(J47>I47,J47-I47,I47-J47) -> 0 | L47: =E47+H47+K47 -> 0.33333333
A48: P542 | B48: JEAN JACQUES | E48: =IF(D48>C48,D48-C48,C48-D48) -> 0 | F48: 0.58333333 | G48: 0.75 | H48: =IF(G48>F48,G48-F48,F48-G48) -> 0.16666667 | I48: 0.75 | J48: 0.91666667 | K48: =IF(J48>I48,J48-I48,I48-J48) -> 0.16666667 | L48: =E48+H48+K48 -> 0.33333333
A49: P501 | B49: PATRICK | E49: =IF(D49>C49,D49-C49,C49-D49) -> 0 | F49: 0.58333333 | G49: 0.75 | H49: =IF(G49>F49,G49-F49,F49-G49) -> 0.16666667 | I49: 0.75 | J49: 0.91666667 | K49: =IF(J49>I49,J49-I49,I49-J49) -> 0.16666667 | L49: =E49+H49+K49 -> 0.33333333
A50: P461 | B50: SAFIDY | C50: 0.41666667 | D50: 0.58333333 | E50: =IF(D50>C50,D50-C50,C50-D50) -> 0.16666667 | H50: =IF(G50>F50,G50-F50,F50-G50) -> 0 | I50: 0.75 | J50: 0.91666667 | K50: =IF(J50>I50,J50-I50,I50-J50) -> 0.16666667 | L50: =E50+H50+K50 -> 0.33333333
A51: P268 | B51: ROLAND | C51: 0.25 | D51: 0.5 | E51: =IF(D51>C51,D51-C51,C51-D51) -> 0.25 | F51: 0.5 | G51: 0.58333333 | H51: =IF(G51>F51,G51-F51,F51-G51) -> 0.083333333 | K51: =IF(J51>I51,J51-I51,I51-J51) -> 0 | L51: =E51+H51+K51 -> 0.33333333
A52: P411 | B52: TOLOTRA | C52: 0.41666667 | D52: 0.58333333 | E52: =IF(D52>C52,D52-C52,C52-D52) -> 0.16666667 | H52: =IF(G52>F52,G52-F52,F52-G52) -> 0 | I52: 0.75 | J52: 0.91666667 | K52: =IF(J52>I52,J52-I52,I52-J52) -> 0.16666667 | L52: =E52+H52+K52 -> 0.33333333
A53: P449 | B53: TSILAVINA | C53: 0.25 | D53: 0.5 | E53: =IF(D53>C53,D53-C53,C53-D53) -> 0.25 | F53: 0.5 | G53: 0.58333333 | H53: =IF(G53>F53,G53-F53,F53-G53) -> 0.083333333 | K53: =IF(J53>I53,J53-I53,I53-J53) -> 0 | L53: =E53+H53+K53 -> 0.33333333
A54: P546 | B54: XAVIER | E54: =IF(D54>C54,D54-C54,C54-D54) -> 0 | F54: 0.58333333 | G54: 0.75 | H54: =IF(G54>F54,G54-F54,F54-G54) -> 0.16666667 | I54: 0.75 | J54: 0.91666667 | K54: =IF(J54>I54,J54-I54,I54-J54) -> 0.16666667 | L54: =E54+H54+K54 -> 0.33333333
A55: Stagiaire | B55: TOKY | E55: =IF(D55>C55,D55-C55,C55-D55) -> 0 | F55: 0.58333333 | G55: 0.75 | H55: =IF(G55>F55,G55-F55,F55-G55) -> 0.16666667 | I55: 0.75 | J55: 0.91666667 | K55: =IF(J55>I55,J55-I55,I55-J55) -> 0.16666667 | L55: =E55+H55+K55 -> 0.33333333
A56: Stagiaire | B56: NANJA | C56: 0.41666667 | D56: 0.58333333 | E56: =IF(D56>C56,D56-C56,C56-D56) -> 0.16666667 | H56: =IF(G56>F56,G56-F56,F56-G56) -> 0 | I56: 0.75 | J56: 0.91666667 | K56: =IF(J56>I56,J56-I56,I56-J56) -> 0.16666667 | L56: =E56+H56+K56 -> 0.33333333
E57: =SUM(E44:E56) -> 1.5 | H57: =SUM(H44:H56) -> 1.1666667 | K57: =SUM(K44:K56) -> 1.3333333 | L57: =SUM(L44:L56) -> 4
C59: =+C41 -> CUISINE RESTO | G59: JEUDI | H59: =+H41+1 -> 46247
C60: matin | F60: après-midi | I60: soir
B61: Personne | C61: entrée | D61: sortie | E61: durée | F61: entrée | G61: sortie | H61: durée | I61: entrée | J61: sortie | K61: durée | L61: durée total
A62: P525 | B62: ANJARA | E62: =IF(D62>C62,D62-C62,C62-D62) -> 0 | F62: 0.58333333 | G62: 0.75 | H62: =IF(G62>F62,G62-F62,F62-G62) -> 0.16666667 | I62: 0.75 | J62: 0.91666667 | K62: =IF(J62>I62,J62-I62,I62-J62) -> 0.16666667 | L62: =E62+H62+K62 -> 0.33333333
A63: P545 | B63: CELESTIN | C63: 0.25 | D63: 0.5 | E63: =IF(D63>C63,D63-C63,C63-D63) -> 0.25 | F63: 0.5 | G63: 0.58333333 | H63: =IF(G63>F63,G63-F63,F63-G63) -> 0.083333333 | K63: =IF(J63>I63,J63-I63,I63-J63) -> 0 | L63: =E63+H63+K63 -> 0.33333333
A64: P441 | B64: CHRISTIAN | E64: =IF(D64>C64,D64-C64,C64-D64) -> 0 | F64: 0.58333333 | G64: 0.75 | H64: =IF(G64>F64,G64-F64,F64-G64) -> 0.16666667 | I64: 0.75 | J64: 0.91666667 | K64: =IF(J64>I64,J64-I64,I64-J64) -> 0.16666667 | L64: =E64+H64+K64 -> 0.33333333
A65: P439 | B65: HERY | C65: 0.25 | D65: 0.5 | E65: =IF(D65>C65,D65-C65,C65-D65) -> 0.25 | F65: 0.5 | G65: 0.58333333 | H65: =IF(G65>F65,G65-F65,F65-G65) -> 0.083333333 | K65: =IF(J65>I65,J65-I65,I65-J65) -> 0 | L65: =E65+H65+K65 -> 0.33333333
A66: P542 | B66: JEAN JACQUES | E66: =IF(D66>C66,D66-C66,C66-D66) -> 0 | F66: 0.58333333 | G66: 0.75 | H66: =IF(G66>F66,G66-F66,F66-G66) -> 0.16666667 | I66: 0.75 | J66: 0.91666667 | K66: =IF(J66>I66,J66-I66,I66-J66) -> 0.16666667 | L66: =E66+H66+K66 -> 0.33333333
A67: P542 | B67: JEAN JACQUES | E67: =IF(D67>C67,D67-C67,C67-D67) -> 0 | F67: 0.58333333 | G67: 0.75 | H67: =IF(G67>F67,G67-F67,F67-G67) -> 0.16666667 | I67: 0.75 | J67: 0.91666667 | K67: =IF(J67>I67,J67-I67,I67-J67) -> 0.16666667 | L67: =E67+H67+K67 -> 0.33333333
A68: P501 | B68: PATRICK | E68: =IF(D68>C68,D68-C68,C68-D68) -> 0 | H68: =IF(G68>F68,G68-F68,F68-G68) -> 0 | K68: =IF(J68>I68,J68-I68,I68-J68) -> 0 | L68: =E68+H68+K68 -> 0 | M68: REPOS
A69: P461 | B69: SAFIDY | C69: 0.41666667 | D69: 0.58333333 | E69: =IF(D69>C69,D69-C69,C69-D69) -> 0.16666667 | H69: =IF(G69>F69,G69-F69,F69-G69) -> 0 | I69: 0.75 | J69: 0.91666667 | K69: =IF(J69>I69,J69-I69,I69-J69) -> 0.16666667 | L69: =E69+H69+K69 -> 0.33333333
A70: P268 | B70: ROLAND | C70: 0.25 | D70: 0.5 | E70: =IF(D70>C70,D70-C70,C70-D70) -> 0.25 | F70: 0.5 | G70: 0.58333333 | H70: =IF(G70>F70,G70-F70,F70-G70) -> 0.083333333 | K70: =IF(J70>I70,J70-I70,I70-J70) -> 0 | L70: =E70+H70+K70 -> 0.33333333
A71: P411 | B71: TOLOTRA | C71: 0.41666667 | D71: 0.58333333 | E71: =IF(D71>C71,D71-C71,C71-D71) -> 0.16666667 | H71: =IF(G71>F71,G71-F71,F71-G71) -> 0 | I71: 0.75 | J71: 0.91666667 | K71: =IF(J71>I71,J71-I71,I71-J71) -> 0.16666667 | L71: =E71+H71+K71 -> 0.33333333
A72: P449 | B72: TSILAVINA | C72: 0.25 | D72: 0.5 | E72: =IF(D72>C72,D72-C72,C72-D72) -> 0.25 | F72: 0.5 | G72: 0.58333333 | H72: =IF(G72>F72,G72-F72,F72-G72) -> 0.083333333 | K72: =IF(J72>I72,J72-I72,I72-J72) -> 0 | L72: =E72+H72+K72 -> 0.33333333
A73: P546 | B73: XAVIER | E73: =IF(D73>C73,D73-C73,C73-D73) -> 0 | H73: =IF(G73>F73,G73-F73,F73-G73) -> 0 | K73: =IF(J73>I73,J73-I73,I73-J73) -> 0 | L73: =E73+H73+K73 -> 0 | M73: REPOS
A74: Stagiaire | B74: TOKY | E74: =IF(D74>C74,D74-C74,C74-D74) -> 0 | F74: 0.58333333 | G74: 0.75 | H74: =IF(G74>F74,G74-F74,F74-G74) -> 0.16666667 | I74: 0.75 | J74: 0.91666667 | K74: =IF(J74>I74,J74-I74,I74-J74) -> 0.16666667 | L74: =E74+H74+K74 -> 0.33333333
A75: Stagiaire | B75: NANJA | C75: 0.41666667 | D75: 0.58333333 | E75: =IF(D75>C75,D75-C75,C75-D75) -> 0.16666667 | H75: =IF(G75>F75,G75-F75,F75-G75) -> 0 | I75: 0.75 | J75: 0.91666667 | K75: =IF(J75>I75,J75-I75,I75-J75) -> 0.16666667 | L75: =E75+H75+K75 -> 0.33333333
E76: =SUM(E62:E75) -> 1.5 | H76: =SUM(H62:H75) -> 1.1666667 | K76: =SUM(K62:K75) -> 1.3333333 | L76: =SUM(L62:L75) -> 4
C77: =+C59 -> CUISINE RESTO | G77: VENDREDI | H77: =+H59+1 -> 46248
C78: matin | F78: après-midi | I78: soir
B79: Personne | C79: entrée | D79: sortie | E79: durée | F79: entrée | G79: sortie | H79: durée | I79: entrée | J79: sortie | K79: durée | L79: durée total
A80: P525 | B80: ANJARA | E80: =IF(D80>C80,D80-C80,C80-D80) -> 0 | F80: 0.58333333 | G80: 0.75 | H80: =IF(G80>F80,G80-F80,F80-G80) -> 0.16666667 | I80: 0.75 | J80: 0.91666667 | K80: =IF(J80>I80,J80-I80,I80-J80) -> 0.16666667 | L80: =E80+H80+K80 -> 0.33333333
A81: P545 | B81: CELESTIN | C81: 0.25 | D81: 0.5 | E81: =IF(D81>C81,D81-C81,C81-D81) -> 0.25 | F81: 0.5 | G81: 0.58333333 | H81: =IF(G81>F81,G81-F81,F81-G81) -> 0.083333333 | K81: =IF(J81>I81,J81-I81,I81-J81) -> 0 | L81: =E81+H81+K81 -> 0.33333333
A82: P441 | B82: CHRISTIAN | C82: 0.41666667 | D82: 0.58333333 | E82: =IF(D82>C82,D82-C82,C82-D82) -> 0.16666667 | H82: =IF(G82>F82,G82-F82,F82-G82) -> 0 | I82: 0.75 | J82: 0.91666667 | K82: =IF(J82>I82,J82-I82,I82-J82) -> 0.16666667 | L82: =E82+H82+K82 -> 0.33333333
A83: P439 | B83: HERY | C83: 0.25 | D83: 0.5 | E83: =IF(D83>C83,D83-C83,C83-D83) -> 0.25 | F83: 0.5 | G83: 0.58333333 | H83: =IF(G83>F83,G83-F83,F83-G83) -> 0.083333333 | K83: =IF(J83>I83,J83-I83,I83-J83) -> 0 | L83: =E83+H83+K83 -> 0.33333333
A84: P439 | B84: HERY | C84: 0.25 | D84: 0.5 | E84: =IF(D84>C84,D84-C84,C84-D84) -> 0.25 | F84: 0.5 | G84: 0.58333333 | H84: =IF(G84>F84,G84-F84,F84-G84) -> 0.083333333 | K84: =IF(J84>I84,J84-I84,I84-J84) -> 0 | L84: =E84+H84+K84 -> 0.33333333
A85: P542 | B85: JEAN JACQUES | E85: =IF(D85>C85,D85-C85,C85-D85) -> 0 | F85: 0.58333333 | G85: 0.75 | H85: =IF(G85>F85,G85-F85,F85-G85) -> 0.16666667 | I85: 0.75 | J85: 0.91666667 | K85: =IF(J85>I85,J85-I85,I85-J85) -> 0.16666667 | L85: =E85+H85+K85 -> 0.33333333
A86: P501 | B86: PATRICK | C86: 0.41666667 | D86: 0.58333333 | E86: =IF(D86>C86,D86-C86,C86-D86) -> 0.16666667 | H86: =IF(G86>F86,G86-F86,F86-G86) -> 0 | I86: 0.75 | J86: 0.91666667 | K86: =IF(J86>I86,J86-I86,I86-J86) -> 0.16666667 | L86: =E86+H86+K86 -> 0.33333333
A87: P461 | B87: SAFIDY | E87: =IF(D87>C87,D87-C87,C87-D87) -> 0 | F87: 0.58333333 | G87: 0.75 | H87: =IF(G87>F87,G87-F87,F87-G87) -> 0.16666667 | I87: 0.75 | J87: 0.91666667 | K87: =IF(J87>I87,J87-I87,I87-J87) -> 0.16666667 | L87: =E87+H87+K87 -> 0.33333333
A88: P268 | B88: ROLAND | C88: 0.25 | D88: 0.5 | E88: =IF(D88>C88,D88-C88,C88-D88) -> 0.25 | F88: 0.5 | G88: 0.58333333 | H88: =IF(G88>F88,G88-F88,F88-G88) -> 0.083333333 | K88: =IF(J88>I88,J88-I88,I88-J88) -> 0 | L88: =E88+H88+K88 -> 0.33333333
A89: P411 | B89: TOLOTRA | E89: =IF(D89>C89,D89-C89,C89-D89) -> 0 | H89: =IF(G89>F89,G89-F89,F89-G89) -> 0 | K89: =IF(J89>I89,J89-I89,I89-J89) -> 0 | L89: =E89+H89+K89 -> 0 | M89: REPOS
A90: P449 | B90: TSILAVINA | C90: 0.25 | D90: 0.5 | E90: =IF(D90>C90,D90-C90,C90-D90) -> 0.25 | F90: 0.5 | G90: 0.58333333 | H90: =IF(G90>F90,G90-F90,F90-G90) -> 0.083333333 | K90: =IF(J90>I90,J90-I90,I90-J90) -> 0 | L90: =E90+H90+K90 -> 0.33333333
A91: P546 | B91: XAVIER | C91: 0.41666667 | D91: 0.58333333 | E91: =IF(D91>C91,D91-C91,C91-D91) -> 0.16666667 | H91: =IF(G91>F91,G91-F91,F91-G91) -> 0 | I91: 0.75 | J91: 0.91666667 | K91: =IF(J91>I91,J91-I91,I91-J91) -> 0.16666667 | L91: =E91+H91+K91 -> 0.33333333
A92: Stagiaire | B92: TOKY | C92: 0.41666667 | D92: 0.58333333 | E92: =IF(D92>C92,D92-C92,C92-D92) -> 0.16666667 | H92: =IF(G92>F92,G92-F92,F92-G92) -> 0 | I92: 0.75 | J92: 0.91666667 | K92: =IF(J92>I92,J92-I92,I92-J92) -> 0.16666667 | L92: =E92+H92+K92 -> 0.33333333
A93: Stagiaire | B93: NANJA | C93: 0.41666667 | D93: 0.58333333 | E93: =IF(D93>C93,D93-C93,C93-D93) -> 0.16666667 | F93: 0.58333333 | G93: 0.75 | H93: =IF(G93>F93,G93-F93,F93-G93) -> 0.16666667 | K93: =IF(J93>I93,J93-I93,I93-J93) -> 0 | L93: =E93+H93+K93 -> 0.33333333
E94: =SUM(E80:E93) -> 2.0833333 | H94: =SUM(H80:H93) -> 1.0833333 | K94: =SUM(K80:K93) -> 1.1666667 | L94: =SUM(L80:L93) -> 4.3333333
C95: =+C77 -> CUISINE RESTO | G95: SAMEDI | H95: =+H77+1 -> 46249
C96: matin | F96: après-midi | I96: soir
B97: Personne | C97: entrée | D97: sortie | E97: durée | F97: entrée | G97: sortie | H97: durée | I97: entrée | J97: sortie | K97: durée | L97: durée total
A98: P525 | B98: ANJARA | E98: =IF(D98>C98,D98-C98,C98-D98) -> 0 | F98: 0.58333333 | G98: 0.75 | H98: =IF(G98>F98,G98-F98,F98-G98) -> 0.16666667 | I98: 0.75 | J98: 0.91666667 | K98: =IF(J98>I98,J98-I98,I98-J98) -> 0.16666667 | L98: =E98+H98+K98 -> 0.33333333
A99: P545 | B99: CELESTIN | C99: 0.25 | D99: 0.5 | E99: =IF(D99>C99,D99-C99,C99-D99) -> 0.25 | F99: 0.5 | G99: 0.58333333 | H99: =IF(G99>F99,G99-F99,F99-G99) -> 0.083333333 | K99: =IF(J99>I99,J99-I99,I99-J99) -> 0 | L99: =E99+H99+K99 -> 0.33333333
A100: P545 | B100: CELESTIN | C100: 0.25 | D100: 0.5 | E100: =IF(D100>C100,D100-C100,C100-D100) -> 0.25 | F100: 0.5 | G100: 0.58333333 | H100: =IF(G100>F100,G100-F100,F100-G100) -> 0.083333333 | K100: =IF(J100>I100,J100-I100,I100-J100) -> 0 | L100: =E100+H100+K100 -> 0.33333333
A101: P441 | B101: CHRISTIAN | E101: =IF(D101>C101,D101-C101,C101-D101) -> 0 | F101: 0.58333333 | G101: 0.75 | H101: =IF(G101>F101,G101-F101,F101-G101) -> 0.16666667 | I101: 0.75 | J101: 0.91666667 | K101: =IF(J101>I101,J101-I101,I101-J101) -> 0.16666667 | L101: =E101+H101+K101 -> 0.33333333
A102: P439 | B102: HERY | C102: 0.25 | D102: 0.5 | E102: =IF(D102>C102,D102-C102,C102-D102) -> 0.25 | F102: 0.5 | G102: 0.58333333 | H102: =IF(G102>F102,G102-F102,F102-G102) -> 0.083333333 | K102: =IF(J102>I102,J102-I102,I102-J102) -> 0 | L102: =E102+H102+K102 -> 0.33333333
A103: P542 | B103: JEAN JACQUES | E103: =IF(D103>C103,D103-C103,C103-D103) -> 0 | F103: 0.58333333 | G103: 0.75 | H103: =IF(G103>F103,G103-F103,F103-G103) -> 0.16666667 | I103: 0.75 | J103: 0.91666667 | K103: =IF(J103>I103,J103-I103,I103-J103) -> 0.16666667 | L103: =E103+H103+K103 -> 0.33333333
A104: P501 | B104: PATRICK | C104: 0.41666667 | D104: 0.58333333 | E104: =IF(D104>C104,D104-C104,C104-D104) -> 0.16666667 | H104: =IF(G104>F104,G104-F104,F104-G104) -> 0 | I104: 0.75 | J104: 0.91666667 | K104: =IF(J104>I104,J104-I104,I104-J104) -> 0.16666667 | L104: =E104+H104+K104 -> 0.33333333
A105: P461 | B105: SAFIDY | E105: =IF(D105>C105,D105-C105,C105-D105) -> 0 | F105: 0.58333333 | G105: 0.75 | H105: =IF(G105>F105,G105-F105,F105-G105) -> 0.16666667 | I105: 0.75 | J105: 0.91666667 | K105: =IF(J105>I105,J105-I105,I105-J105) -> 0.16666667 | L105: =E105+H105+K105 -> 0.33333333
A106: P268 | B106: ROLAND | C106: 0.25 | D106: 0.5 | E106: =IF(D106>C106,D106-C106,C106-D106) -> 0.25 | F106: 0.5 | G106: 0.58333333 | H106: =IF(G106>F106,G106-F106,F106-G106) -> 0.083333333 | K106: =IF(J106>I106,J106-I106,I106-J106) -> 0 | L106: =E106+H106+K106 -> 0.33333333
...

Sheet PLONGE
E2: EMPLOI DU TEMPS PLONGE WEEK 37
C5: PLONGE | G5: LUNDI | H5: =+SECURITE!H5 -> 46244
C6: matin | F6: après-midi | I6: soir
B7: Personne | C7: entrée | D7: sortie | E7: durée | F7: entrée | G7: sortie | H7: durée | I7: entrée | J7: sortie | K7: durée | L7: durée total
A8: P451 | B8: TAHIRY | E8: =IF(D8>C8,D8-C8,C8-D8) -> 0 | H8: =IF(G8>F8,G8-F8,F8-G8) -> 0 | K8: =IF(J8>I8,J8-I8,I8-J8) -> 0 | L8: =E8+H8+K8 -> 0 | M8: REPOS
A9: P466 | B9: HANITRA | E9: =IF(D9>C9,D9-C9,C9-D9) -> 0 | F9: 0.58333333 | G9: 0.75 | H9: =IF(G9>F9,G9-F9,F9-G9) -> 0.16666667 | I9: 0.75 | J9: 0.91666667 | K9: =IF(J9>I9,J9-I9,I9-J9) -> 0.16666667 | L9: =E9+H9+K9 -> 0.33333333
A10: P486 | B10: PAULETTE | C10: 0.25 | D10: 0.5 | E10: =IF(D10>C10,D10-C10,C10-D10) -> 0.25 | F10: 0.5 | G10: 0.58333333 | H10: =IF(G10>F10,G10-F10,F10-G10) -> 0.083333333 | K10: =IF(J10>I10,J10-I10,I10-J10) -> 0 | L10: =E10+H10+K10 -> 0.33333333
A11: P476 | B11: VANULIE | C11: 0.25 | D11: 0.5 | E11: =IF(D11>C11,D11-C11,C11-D11) -> 0.25 | F11: 0.5 | G11: 0.58333333 | H11: =IF(G11>F11,G11-F11,F11-G11) -> 0.083333333 | K11: =IF(J11>I11,J11-I11,I11-J11) -> 0 | L11: =E11+H11+K11 -> 0.33333333
A12: P455 | B12: NIRY | C12: 0.25 | D12: 0.41666667 | E12: =IF(D12>C12,D12-C12,C12-D12) -> 0.16666667 | H12: =IF(G12>F12,G12-F12,F12-G12) -> 0 | I12: 0.75 | J12: 0.91666667 | K12: =IF(J12>I12,J12-I12,I12-J12) -> 0.16666667 | L12: =E12+H12+K12 -> 0.33333333
A13: P544 | B13: MARIO | E13: =IF(D13>C13,D13-C13,C13-D13) -> 0 | F13: 0.58333333 | G13: 0.75 | H13: =IF(G13>F13,G13-F13,F13-G13) -> 0.16666667 | I13: 0.75 | J13: 0.91666667 | K13: =IF(J13>I13,J13-I13,I13-J13) -> 0.16666667 | L13: =E13+H13+K13 -> 0.33333333
E14: =SUM(E8:E13) -> 0.66666667 | H14: =SUM(H8:H13) -> 0.5 | K14: =SUM(K8:K13) -> 0.5 | L14: =SUM(L8:L13) -> 1.6666667
C16: PLONGE | G16: MARDI | H16: =+H5+1 -> 46245
C17: matin | F17: après-midi | I17: soir
B18: Personne | C18: entrée | D18: sortie | E18: durée | F18: entrée | G18: sortie | H18: durée | I18: entrée | J18: sortie | K18: durée | L18: durée total
A19: P451 | B19: TAHIRY | E19: =IF(D19>C19,D19-C19,C19-D19) -> 0 | F19: 0.58333333 | G19: 0.75 | H19: =IF(G19>F19,G19-F19,F19-G19) -> 0.16666667 | I19: 0.75 | J19: 0.91666667 | K19: =IF(J19>I19,J19-I19,I19-J19) -> 0.16666667 | L19: =E19+H19+K19 -> 0.33333333
A20: P466 | B20: HANITRA | E20: =IF(D20>C20,D20-C20,C20-D20) -> 0 | F20: 0.58333333 | G20: 0.75 | H20: =IF(G20>F20,G20-F20,F20-G20) -> 0.16666667 | I20: 0.75 | J20: 0.91666667 | K20: =IF(J20>I20,J20-I20,I20-J20) -> 0.16666667 | L20: =E20+H20+K20 -> 0.33333333
A21: P486 | B21: PAULETTE | C21: 0.25 | D21: 0.5 | E21: =IF(D21>C21,D21-C21,C21-D21) -> 0.25 | F21: 0.5 | G21: 0.58333333 | H21: =IF(G21>F21,G21-F21,F21-G21) -> 0.083333333 | K21: =IF(J21>I21,J21-I21,I21-J21) -> 0 | L21: =E21+H21+K21 -> 0.33333333
A22: P476 | B22: VANILIE | E22: =IF(D22>C22,D22-C22,C22-D22) -> 0 | H22: =IF(G22>F22,G22-F22,F22-G22) -> 0 | K22: =IF(J22>I22,J22-I22,I22-J22) -> 0 | L22: =E22+H22+K22 -> 0 | M22: REPOS
A23: P455 | B23: NIRY | C23: 0.25 | D23: 0.5 | E23: =IF(D23>C23,D23-C23,C23-D23) -> 0.25 | F23: 0.5 | G23: 0.58333333 | H23: =IF(G23>F23,G23-F23,F23-G23) -> 0.083333333 | K23: =IF(J23>I23,J23-I23,I23-J23) -> 0 | L23: =E23+H23+K23 -> 0.33333333
A24: P544 | B24: MARIO | C24: 0.25 | D24: 0.41666667 | E24: =IF(D24>C24,D24-C24,C24-D24) -> 0.16666667 | H24: =IF(G24>F24,G24-F24,F24-G24) -> 0 | I24: 0.75 | J24: 0.91666667 | K24: =IF(J24>I24,J24-I24,I24-J24) -> 0.16666667 | L24: =E24+H24+K24 -> 0.33333333
E25: =SUM(E19:E23) -> 0.5 | H25: =SUM(H19:H24) -> 0.5 | K25: =SUM(K19:K24) -> 0.5 | L25: =SUM(L19:L24) -> 1.6666667
C27: PLONGE | G27: MERCREDI | H27: =+H16+1 -> 46246
C28: matin | F28: après-midi | I28: soir
B29: Personne | C29: entrée | D29: sortie | E29: durée | F29: entrée | G29: sortie | H29: durée | I29: entrée | J29: sortie | K29: durée | L29: durée total
A30: P451 | B30: TAHIRY | E30: =IF(D30>C30,D30-C30,C30-D30) -> 0 | F30: 0.58333333 | G30: 0.75 | H30: =IF(G30>F30,G30-F30,F30-G30) -> 0.16666667 | I30: 0.75 | J30: 0.91666667 | K30: =IF(J30>I30,J30-I30,I30-J30) -> 0.16666667 | L30: =E30+H30+K30 -> 0.33333333
A31: P466 | B31: HANITRA | C31: 0.25 | D31: 0.41666667 | E31: =IF(D31>C31,D31-C31,C31-D31) -> 0.16666667 | H31: =IF(G31>F31,G31-F31,F31-G31) -> 0 | I31: 0.75 | J31: 0.91666667 | K31: =IF(J31>I31,J31-I31,I31-J31) -> 0.16666667 | L31: =E31+H31+K31 -> 0.33333333
A32: P486 | B32: PAULETTE | E32: =IF(D32>C32,D32-C32,C32-D32) -> 0 | H32: =IF(G32>F32,G32-F32,F32-G32) -> 0 | K32: =IF(J32>I32,J32-I32,I32-J32) -> 0 | L32: =E32+H32+K32 -> 0 | M32: REPOS
A33: P476 | B33: VANULIE | C33: 0.25 | D33: 0.5 | E33: =IF(D33>C33,D33-C33,C33-D33) -> 0.25 | F33: 0.5 | G33: 0.58333333 | H33: =IF(G33>F33,G33-F33,F33-G33) -> 0.083333333 | K33: =IF(J33>I33,J33-I33,I33-J33) -> 0 | L33: =E33+H33+K33 -> 0.33333333
A34: P455 | B34: NIRY | C34: 0.25 | D34: 0.5 | E34: =IF(D34>C34,D34-C34,C34-D34) -> 0.25 | F34: 0.5 | G34: 0.58333333 | H34: =IF(G34>F34,G34-F34,F34-G34) -> 0.083333333 | K34: =IF(J34>I34,J34-I34,I34-J34) -> 0 | L34: =E34+H34+K34 -> 0.33333333
A35: P544 | B35: MARIO | E35: =IF(D35>C35,D35-C35,C35-D35) -> 0 | F35: 0.58333333 | G35: 0.75 | H35: =IF(G35>F35,G35-F35,F35-G35) -> 0.16666667 | I35: 0.75 | J35: 0.91666667 | K35: =IF(J35>I35,J35-I35,I35-J35) -> 0.16666667 | L35: =E35+H35+K35 -> 0.33333333
E36: =SUM(E30:E35) -> 0.66666667 | H36: =SUM(H30:H35) -> 0.5 | K36: =SUM(K30:K35) -> 0.5 | L36: =SUM(L30:L35) -> 1.6666667
C38: PLONGE | G38: JEUDI | H38: =+H27+1 -> 46247
C39: matin | F39: après-midi | I39: soir
B40: Personne | C40: entrée | D40: sortie | E40: durée | F40: entrée | G40: sortie | H40: durée | I40: entrée | J40: sortie | K40: durée | L40: durée total
A41: P451 | B41: TAHIRY | E41: =IF(D41>C41,D41-C41,C41-D41) -> 0 | F41: 0.58333333 | G41: 0.75 | H41: =IF(G41>F41,G41-F41,F41-G41) -> 0.16666667 | I41: 0.75 | J41: 0.91666667 | K41: =IF(J41>I41,J41-I41,I41-J41) -> 0.16666667 | L41: =E41+H41+K41 -> 0.33333333
A42: P466 | B42: HANITRA | E42: =IF(D42>C42,D42-C42,C42-D42) -> 0 | F42: 0.58333333 | G42: 0.75 | H42: =IF(G42>F42,G42-F42,F42-G42) -> 0.16666667 | I42: 0.75 | J42: 0.91666667 | K42: =IF(J42>I42,J42-I42,I42-J42) -> 0.16666667 | L42: =E42+H42+K42 -> 0.33333333
A43: P486 | B43: PAULETTE | C43: 0.25 | D43: 0.5 | E43: =IF(D43>C43,D43-C43,C43-D43) -> 0.25 | F43: 0.5 | G43: 0.58333333 | H43: =IF(G43>F43,G43-F43,F43-G43) -> 0.083333333 | K43: =IF(J43>I43,J43-I43,I43-J43) -> 0 | L43: =E43+H43+K43 -> 0.33333333
A44: P476 | B44: VANULIE | C44: 0.25 | D44: 0.41666667 | E44: =IF(D44>C44,D44-C44,C44-D44) -> 0.16666667 | H44: =IF(G44>F44,G44-F44,F44-G44) -> 0 | I44: 0.75 | J44: 0.91666667 | K44: =IF(J44>I44,J44-I44,I44-J44) -> 0.16666667 | L44: =E44+H44+K44 -> 0.33333333
A45: P455 | B45: NIRY | C45: 0.25 | D45: 0.5 | E45: =IF(D45>C45,D45-C45,C45-D45) -> 0.25 | F45: 0.5 | G45: 0.58333333 | H45: =IF(G45>F45,G45-F45,F45-G45) -> 0.083333333 | K45: =IF(J45>I45,J45-I45,I45-J45) -> 0 | L45: =E45+H45+K45 -> 0.33333333
A46: P544 | B46: MARIO | E46: =IF(D46>C46,D46-C46,C46-D46) -> 0 | H46: =IF(G46>F46,G46-F46,F46-G46) -> 0 | K46: =IF(J46>I46,J46-I46,I46-J46) -> 0 | L46: =E46+H46+K46 -> 0 | M46: REPOS
E47: =SUM(E41:E46) -> 0.66666667 | H47: =SUM(H41:H46) -> 0.5 | K47: =SUM(K41:K46) -> 0.5 | L47: =SUM(L41:L46) -> 1.6666667
C49: PLONGE | G49: VENDREDI | H49: =+H38+1 -> 46248
C50: matin | F50: après-midi | I50: soir
B51: Personne | C51: entrée | D51: sortie | E51: durée | F51: entrée | G51: sortie | H51: durée | I51: entrée | J51: sortie | K51: durée | L51: durée total
A52: P451 | B52: TAHIRY | E52: =IF(D52>C52,D52-C52,C52-D52) -> 0 | F52: 0.58333333 | G52: 0.75 | H52: =IF(G52>F52,G52-F52,F52-G52) -> 0.16666667 | I52: 0.75 | J52: 0.91666667 | K52: =IF(J52>I52,J52-I52,I52-J52) -> 0.16666667 | L52: =E52+H52+K52 -> 0.33333333
A53: P466 | B53: HANITRA | E53: =IF(D53>C53,D53-C53,C53-D53) -> 0 | H53: =IF(G53>F53,G53-F53,F53-G53) -> 0 | K53: =IF(J53>I53,J53-I53,I53-J53) -> 0 | L53: =E53+H53+K53 -> 0 | M53: REPOS
A54: P486 | B54: PAULETTE | C54: 0.25 | D54: 0.41666667 | E54: =IF(D54>C54,D54-C54,C54-D54) -> 0.16666667 | H54: =IF(G54>F54,G54-F54,F54-G54) -> 0 | I54: 0.75 | J54: 0.91666667 | K54: =IF(J54>I54,J54-I54,I54-J54) -> 0.16666667 | L54: =E54+H54+K54 -> 0.33333333
A55: P476 | B55: VANULIE | C55: 0.25 | D55: 0.5 | E55: =IF(D55>C55,D55-C55,C55-D55) -> 0.25 | F55: 0.5 | G55: 0.58333333 | H55: =IF(G55>F55,G55-F55,F55-G55) -> 0.083333333 | K55: =IF(J55>I55,J55-I55,I55-J55) -> 0 | L55: =E55+H55+K55 -> 0.33333333
A56: P455 | B56: NIRY | C56: 0.25 | D56: 0.5 | E56: =IF(D56>C56,D56-C56,C56-D56) -> 0.25 | F56: 0.5 | G56: 0.58333333 | H56: =IF(G56>F56,G56-F56,F56-G56) -> 0.083333333 | K56: =IF(J56>I56,J56-I56,I56-J56) -> 0 | L56: =E56+H56+K56 -> 0.33333333
A57: P544 | B57: MARIO | E57: =IF(D57>C57,D57-C57,C57-D57) -> 0 | F57: 0.58333333 | G57: 0.75 | H57: =IF(G57>F57,G57-F57,F57-G57) -> 0.16666667 | I57: 0.75 | J57: 0.91666667 | K57: =IF(J57>I57,J57-I57,I57-J57) -> 0.16666667 | L57: =E57+H57+K57 -> 0.33333333
E58: =SUM(E52:E57) -> 0.66666667 | H58: =SUM(H52:H57) -> 0.5 | K58: =SUM(K52:K57) -> 0.5 | L58: =SUM(L52:L57) -> 1.6666667
C60: PLONGE | G60: SAMEDI | H60: =+H49+1 -> 46249
C61: matin | F61: après-midi | I61: soir
B62: Personne | C62: entrée | D62: sortie | E62: durée | F62: entrée | G62: sortie | H62: durée | I62: entrée | J62: sortie | K62: durée | L62: durée total
A63: P451 | B63: TAHIRY | C63: 0.25 | D63: 0.41666667 | E63: =IF(D63>C63,D63-C63,C63-D63) -> 0.16666667 | H63: =IF(G63>F63,G63-F63,F63-G63) -> 0 | I63: 0.75 | J63: 0.91666667 | K63: =IF(J63>I63,J63-I63,I63-J63) -> 0.16666667 | L63: =E63+H63+K63 -> 0.33333333
A64: P466 | B64: HANITRA | E64: =IF(D64>C64,D64-C64,C64-D64) -> 0 | F64: 0.58333333 | G64: 0.75 | H64: =IF(G64>F64,G64-F64,F64-G64) -> 0.16666667 | I64: 0.75 | J64: 0.91666667 | K64: =IF(J64>I64,J64-I64,I64-J64) -> 0.16666667 | L64: =E64+H64+K64 -> 0.33333333
A65: P486 | B65: PAULETTE | C65: 0.25 | D65: 0.5 | E65: =IF(D65>C65,D65-C65,C65-D65) -> 0.25 | F65: 0.5 | G65: 0.58333333 | H65: =IF(G65>F65,G65-F65,F65-G65) -> 0.083333333 | K65: =IF(J65>I65,J65-I65,I65-J65) -> 0 | L65: =E65+H65+K65 -> 0.33333333
A66: P476 | B66: VANULIE | C66: 0.25 | D66: 0.5 | E66: =IF(D66>C66,D66-C66,C66-D66) -> 0.25 | F66: 0.5 | G66: 0.58333333 | H66: =IF(G66>F66,G66-F66,F66-G66) -> 0.083333333 | K66: =IF(J66>I66,J66-I66,I66-J66) -> 0 | L66: =E66+H66+K66 -> 0.33333333
A67: P455 | B67: NIRY | E67: =IF(D67>C67,D67-C67,C67-D67) -> 0 | H67: =IF(G67>F67,G67-F67,F67-G67) -> 0 | K67: =IF(J67>I67,J67-I67,I67-J67) -> 0 | L67: =E67+H67+K67 -> 0 | M67: REPOS
A68: P544 | B68: MARIO | C68: 0.41666667 | D68: 0.58333333 | E68: =IF(D68>C68,D68-C68,C68-D68) -> 0.16666667 | F68: 0.58333333 | G68: 0.75 | H68: =IF(G68>F68,G68-F68,F68-G68) -> 0.16666667 | I68: 0.75 | J68: 0.91666667 | K68: =IF(J68>I68,J68-I68,I68-J68) -> 0.16666667 | L68: =E68+H68+K68 -> 0.5
E69: =SUM(E63:E68) -> 0.83333333 | H69: =SUM(H63:H68) -> 0.5 | K69: =SUM(K63:K68) -> 0.5 | L69: =SUM(L63:L68) -> 1.8333333
C71: PLONGE | G71: DIMANCHE | H71: =+H60+1 -> 46250
C72: matin | F72: après-midi | I72: soir
B73: Personne | C73: entrée | D73: sortie | E73: durée | F73: entrée | G73: sortie | H73: durée | I73: entrée | J73: sortie | K73: durée | L73: durée total
A74: P451 | B74: TAHIRY | E74: =IF(D74>C74,D74-C74,C74-D74) -> 0 | F74: 0.58333333 | G74: 0.75 | H74: =IF(G74>F74,G74-F74,F74-G74) -> 0.16666667 | I74: 0.75 | J74: 0.91666667 | K74: =IF(J74>I74,J74-I74,I74-J74) -> 0.16666667 | L74: =E74+H74+K74 -> 0.33333333
A75: P466 | B75: HANITRA | E75: =IF(D75>C75,D75-C75,C75-D75) -> 0 | F75: 0.58333333 | G75: 0.75 | H75: =IF(G75>F75,G75-F75,F75-G75) -> 0.16666667 | I75: 0.75 | J75: 0.91666667 | K75: =IF(J75>I75,J75-I75,I75-J75) -> 0.16666667 | L75: =E75+H75+K75 -> 0.33333333
A76: P486 | B76: PAULETTE | C76: 0.25 | D76: 0.5 | E76: =IF(D76>C76,D76-C76,C76-D76) -> 0.25 | F76: 0.5 | G76: 0.58333333 | H76: =IF(G76>F76,G76-F76,F76-G76) -> 0.083333333 | K76: =IF(J76>I76,J76-I76,I76-J76) -> 0 | L76: =E76+H76+K76 -> 0.33333333
A77: P476 | B77: VANULIE | C77: 0.25 | D77: 0.5 | E77: =IF(D77>C77,D77-C77,C77-D77) -> 0.25 | F77: 0.5 | G77: 0.58333333 | H77: =IF(G77>F77,G77-F77,F77-G77) -> 0.083333333 | K77: =IF(J77>I77,J77-I77,I77-J77) -> 0 | L77: =E77+H77+K77 -> 0.33333333
A78: P455 | B78: NIRY | C78: 0.25 | D78: 0.5 | E78: =IF(D78>C78,D78-C78,C78-D78) -> 0.25 | F78: 0.5 | G78: 0.58333333 | H78: =IF(G78>F78,G78-F78,F78-G78) -> 0.083333333 | K78: =IF(J78>I78,J78-I78,I78-J78) -> 0 | L78: =E78+H78+K78 -> 0.33333333
A79: P544 | B79: MARIO | C79: 0.41666667 | D79: 0.58333333 | E79: =IF(D79>C79,D79-C79,C79-D79) -> 0.16666667 | F79: 0.58333333 | G79: 0.75 | H79: =IF(G79>F79,G79-F79,F79-G79) -> 0.16666667 | I79: 0.75 | J79: 0.91666667 | K79: =IF(J79>I79,J79-I79,I79-J79) -> 0.16666667 | L79: =E79+H79+K79 -> 0.5
E80: =SUM(E74:E79) -> 0.91666667 | H80: =SUM(H74:H79) -> 0.75 | K80: =SUM(K74:K79) -> 0.5 | L80: =SUM(L74:L79) -> 2.1666667
A82: P451 | B82: TAHIRY | C82: =+L8+L19+L30+L41+L52+L63+L74 -> 2
A83: P466 | B83: HANITRA | C83: =+L10+L20+L31+L42+L53+L65+L75 -> 2
A84: P486 | B84: PAULETTE | C84: =+L11+L21+L32+L43+L54+L66+L76 -> 2
A85: P476 | B85: VANULIE | C85: =+L12+L22+L33+L44+L55+L66+L77 -> 2
A86: P455 | B86: NIRY | C86: =+L13+L23+L34+L45+L56+L67+L78 -> 2
A87: P544 | B87: MARIO | C87: =+L13+L24+L35+L46+L57+L68+L79 -> 2.3333333

Sheet SALLE RESTO
E2: EMPLOI DU TEMPS SALLE RESTO WEEK 37
C5: SALLE SNACK | G5: LUNDI | H5: =+SECURITE!H5 -> 46244
C6: matin | F6: après-midi | I6: soir
B7: Personne | C7: entrée | D7: sortie | E7: durée | F7: entrée | G7: sortie | H7: durée | I7: entrée | J7: sortie | K7: durée | L7: durée total
A8: P447 | B8: BABY | E8: =IF(D8>C8,D8-C8,C8-D8) -> 0 | F8: 0.58333333 | G8: 0.75 | H8: =IF(G8>F8,G8-F8,F8-G8) -> 0.16666667 | I8: 0.75 | J8: 0.91666667 | K8: =IF(J8>I8,J8-I8,I8-J8) -> 0.16666667 | L8: =E8+H8+K8 -> 0.33333333
A9: P185 | B9: EUGENIE | C9: 0.25 | D9: 0.41666667 | E9: =IF(D9>C9,D9-C9,C9-D9) -> 0.16666667 | H9: =IF(G9>F9,G9-F9,F9-G9) -> 0 | I9: 0.75 | J9: 0.91666667 | K9: =IF(J9>I9,J9-I9,I9-J9) -> 0.16666667 | L9: =E9+H9+K9 -> 0.33333333
A10: P042 | B10: FANJA | E10: =IF(D10>C10,D10-C10,C10-D10) -> 0 | F10: 0.58333333 | G10: 0.75 | H10: =IF(G10>F10,G10-F10,F10-G10) -> 0.16666667 | I10: 0.75 | J10: 0.91666667 | K10: =IF(J10>I10,J10-I10,I10-J10) -> 0.16666667 | L10: =E10+H10+K10 -> 0.33333333
A11: P185 | B11: LANDRY | E11: =IF(D11>C11,D11-C11,C11-D11) -> 0 | H11: =IF(G11>F11,G11-F11,F11-G11) -> 0 | K11: =IF(J11>I11,J11-I11,I11-J11) -> 0 | L11: =E11+H11+K11 -> 0 | M11: REPOS
A12: P457 | B12: LYDIA | E12: =IF(D12>C12,D12-C12,C12-D12) -> 0 | F12: 0.58333333 | G12: 0.75 | H12: =IF(G12>F12,G12-F12,F12-G12) -> 0.16666667 | I12: 0.75 | J12: 0.91666667 | K12: =IF(J12>I12,J12-I12,I12-J12) -> 0.16666667 | L12: =E12+H12+K12 -> 0.33333333
A13: P358 | B13: RHODIE | C13: 0.25 | D13: 0.5 | E13: =IF(D13>C13,D13-C13,C13-D13) -> 0.25 | F13: 0.5 | G13: 0.58333333 | H13: =IF(G13>F13,G13-F13,F13-G13) -> 0.083333333 | K13: =IF(J13>I13,J13-I13,I13-J13) -> 0 | L13: =E13+H13+K13 -> 0.33333333
A14: P507 | B14: NOMENA | E14: =IF(D14>C14,D14-C14,C14-D14) -> 0 | H14: =IF(G14>F14,G14-F14,F14-G14) -> 0 | K14: =IF(J14>I14,J14-I14,I14-J14) -> 0 | L14: =E14+H14+K14 -> 0 | M14: REPOS
A15: P180 | B15: VOAHANGY | C15: 0.25 | D15: 0.5 | E15: =IF(D15>C15,D15-C15,C15-D15) -> 0.25 | F15: 0.5 | G15: 0.58333333 | H15: =IF(G15>F15,G15-F15,F15-G15) -> 0.083333333 | K15: =IF(J15>I15,J15-I15,I15-J15) -> 0 | L15: =E15+H15+K15 -> 0.33333333
A16: P537 | B16: TOKY | C16: 0.25 | D16: 0.41666667 | E16: =IF(D16>C16,D16-C16,C16-D16) -> 0.16666667 | H16: =IF(G16>F16,G16-F16,F16-G16) -> 0 | I16: 0.75 | J16: 0.91666667 | K16: =IF(J16>I16,J16-I16,I16-J16) -> 0.16666667 | L16: =E16+H16+K16 -> 0.33333333
B17: ALAIN | C17: 0.25 | D17: 0.5 | E17: =IF(D17>C17,D17-C17,C17-D17) -> 0.25 | F17: 0.5 | G17: 0.58333333 | H17: =IF(G17>F17,G17-F17,F17-G17) -> 0.083333333 | K17: =IF(J17>I17,J17-I17,I17-J17) -> 0 | L17: =E17+H17+K17 -> 0.33333333
B18: FRANCIA | E18: =IF(D18>C18,D18-C18,C18-D18) -> 0 | H18: =IF(G18>F18,G18-F18,F18-G18) -> 0 | K18: =IF(J18>I18,J18-I18,I18-J18) -> 0 | L18: =E18+H18+K18 -> 0
A19: N | B19: NIAVO | C19: 0.25 | D19: 0.5 | E19: =IF(D19>C19,D19-C19,C19-D19) -> 0.25 | F19: 0.5 | G19: 0.58333333 | H19: =IF(G19>F19,G19-F19,F19-G19) -> 0.083333333 | K19: =IF(J19>I19,J19-I19,I19-J19) -> 0 | L19: =E19+H19+K19 -> 0.33333333
E20: =SUM(E8:E19) -> 1.3333333 | H20: =SUM(H8:H19) -> 0.83333333 | K20: =SUM(K8:K19) -> 0.83333333 | L20: =SUM(L8:L19) -> 3
C22: SALLE SNACK | G22: MARDI | H22: =+H5+1 -> 46245
C23: matin | F23: après-midi | I23: soir
B24: Personne | C24: entrée | D24: sortie | E24: durée | F24: entrée | G24: sortie | H24: durée | I24: entrée | J24: sortie | K24: durée | L24: durée total
A25: P447 | B25: BABY | E25: =IF(D25>C25,D25-C25,C25-D25) -> 0 | F25: 0.58333333 | G25: 0.75 | H25: =IF(G25>F25,G25-F25,F25-G25) -> 0.16666667 | I25: 0.75 | J25: 0.91666667 | K25: =IF(J25>I25,J25-I25,I25-J25) -> 0.16666667 | L25: =E25+H25+K25 -> 0.33333333
A26: P185 | B26: EUGENIE | C26: 0.41666667 | D26: 0.58333333 | E26: =IF(D26>C26,D26-C26,C26-D26) -> 0.16666667 | H26: =IF(G26>F26,G26-F26,F26-G26) -> 0 | I26: 0.75 | J26: 0.91666667 | K26: =IF(J26>I26,J26-I26,I26-J26) -> 0.16666667 | L26: =E26+H26+K26 -> 0.33333333
A27: P042 | B27: FANJA | E27: =IF(D27>C27,D27-C27,C27-D27) -> 0 | H27: =IF(G27>F27,G27-F27,F27-G27) -> 0 | K27: =IF(J27>I27,J27-I27,I27-J27) -> 0 | L27: =E27+H27+K27 -> 0 | M27: REPOS
A28: P185 | B28: LANDRY | E28: =IF(D28>C28,D28-C28,C28-D28) -> 0 | F28: 0.58333333 | G28: 0.75 | H28: =IF(G28>F28,G28-F28,F28-G28) -> 0.16666667 | I28: 0.75 | J28: 0.91666667 | K28: =IF(J28>I28,J28-I28,I28-J28) -> 0.16666667 | L28: =E28+H28+K28 -> 0.33333333
A29: P358 | B29: RHODIE | C29: 0.25 | D29: 0.41666667 | E29: =IF(D29>C29,D29-C29,C29-D29) -> 0.16666667 | H29: =IF(G29>F29,G29-F29,F29-G29) -> 0 | I29: 0.75 | J29: 0.91666667 | K29: =IF(J29>I29,J29-I29,I29-J29) -> 0.16666667 | L29: =E29+H29+K29 -> 0.33333333
A30: P507 | B30: NOMENA | E30: =IF(D30>C30,D30-C30,C30-D30) -> 0 | F30: 0.58333333 | G30: 0.75 | H30: =IF(G30>F30,G30-F30,F30-G30) -> 0.16666667 | I30: 0.75 | J30: 0.91666667 | K30: =IF(J30>I30,J30-I30,I30-J30) -> 0.16666667 | L30: =E30+H30+K30 -> 0.33333333
A31: P180 | B31: VOAHANGY | C31: 0.25 | D31: 0.5 | E31: =IF(D31>C31,D31-C31,C31-D31) -> 0.25 | F31: 0.5 | G31: 0.58333333 | H31: =IF(G31>F31,G31-F31,F31-G31) -> 0.083333333 | K31: =IF(J31>I31,J31-I31,I31-J31) -> 0 | L31: =E31+H31+K31 -> 0.33333333
A32: P537 | B32: TOKY | C32: 0.25 | D32: 0.5 | E32: =IF(D32>C32,D32-C32,C32-D32) -> 0.25 | F32: 0.5 | G32: 0.58333333 | H32: =IF(G32>F32,G32-F32,F32-G32) -> 0.083333333 | K32: =IF(J32>I32,J32-I32,I32-J32) -> 0 | L32: =E32+H32+K32 -> 0.33333333
B33: ALAIN | C33: 0.25 | D33: 0.5 | E33: =IF(D33>C33,D33-C33,C33-D33) -> 0.25 | F33: 0.5 | G33: 0.58333333 | H33: =IF(G33>F33,G33-F33,F33-G33) -> 0.083333333 | K33: =IF(J33>I33,J33-I33,I33-J33) -> 0 | L33: =E33+H33+K33 -> 0.33333333
B34: FRANCIA | E34: =IF(D34>C34,D34-C34,C34-D34) -> 0 | H34: =IF(G34>F34,G34-F34,F34-G34) -> 0 | K34: =IF(J34>I34,J34-I34,I34-J34) -> 0 | L34: =E34+H34+K34 -> 0
A35: N | B35: NIAVO | C35: 0.25 | D35: 0.5 | E35: =IF(D35>C35,D35-C35,C35-D35) -> 0.25 | F35: 0.5 | G35: 0.58333333 | H35: =IF(G35>F35,G35-F35,F35-G35) -> 0.083333333 | K35: =IF(J35>I35,J35-I35,I35-J35) -> 0 | L35: =E35+H35+K35 -> 0.33333333
E36: =SUM(E25:E35) -> 1.3333333 | H36: =SUM(H25:H33) -> 0.75 | K36: =SUM(K25:K33) -> 0.83333333 | L36: =SUM(L25:L33) -> 2.6666667
C38: SALLE SNACK | G38: MERCREDI | H38: =+H22+1 -> 46246
C39: matin | F39: après-midi | I39: soir | M39: REPOS
B40: Personne | C40: entrée | D40: sortie | E40: durée | F40: entrée | G40: sortie | H40: durée | I40: entrée | J40: sortie | K40: durée | L40: durée total
A41: P447 | B41: BABY | C41: 0.25 | D41: 0.41666667 | E41: =IF(D41>C41,D41-C41,C41-D41) -> 0.16666667 | H41: =IF(G41>F41,G41-F41,F41-G41) -> 0 | I41: 0.75 | J41: 0.91666667 | K41: =IF(J41>I41,J41-I41,I41-J41) -> 0.16666667 | L41: =E41+H41+K41 -> 0.33333333
A42: P185 | B42: EUGENIE | C42: 0.41666667 | D42: 0.58333333 | E42: =IF(D42>C42,D42-C42,C42-D42) -> 0.16666667 | H42: =IF(G42>F42,G42-F42,F42-G42) -> 0 | I42: 0.75 | J42: 0.91666667 | K42: =IF(J42>I42,J42-I42,I42-J42) -> 0.16666667 | L42: =E42+H42+K42 -> 0.33333333
A43: P042 | B43: FANJA | E43: =IF(D43>C43,D43-C43,C43-D43) -> 0 | F43: 0.58333333 | G43: 0.75 | H43: =IF(G43>F43,G43-F43,F43-G43) -> 0.16666667 | I43: 0.75 | J43: 0.91666667 | K43: =IF(J43>I43,J43-I43,I43-J43) -> 0.16666667 | L43: =E43+H43+K43 -> 0.33333333
A44: P185 | B44: LANDRY | E44: =IF(D44>C44,D44-C44,C44-D44) -> 0 | F44: 0.58333333 | G44: 0.75 | H44: =IF(G44>F44,G44-F44,F44-G44) -> 0.16666667 | I44: 0.75 | J44: 0.91666667 | K44: =IF(J44>I44,J44-I44,I44-J44) -> 0.16666667 | L44: =E44+H44+K44 -> 0.33333333
A45: P457 | B45: LYDIA | C45: 0.25 | D45: 0.5 | E45: =IF(D45>C45,D45-C45,C45-D45) -> 0.25 | F45: 0.5 | G45: 0.58333333 | H45: =IF(G45>F45,G45-F45,F45-G45) -> 0.083333333 | K45: =IF(J45>I45,J45-I45,I45-J45) -> 0 | L45: =E45+H45+K45 -> 0.33333333
A46: P358 | B46: RHODIE | C46: 0.25 | D46: 0.5 | E46: =IF(D46>C46,D46-C46,C46-D46) -> 0.25 | F46: 0.5 | G46: 0.58333333 | H46: =IF(G46>F46,G46-F46,F46-G46) -> 0.083333333 | K46: =IF(J46>I46,J46-I46,I46-J46) -> 0 | L46: =E46+H46+K46 -> 0.33333333
A47: P507 | B47: NOMENA | E47: =IF(D47>C47,D47-C47,C47-D47) -> 0 | F47: 0.58333333 | G47: 0.75 | H47: =IF(G47>F47,G47-F47,F47-G47) -> 0.16666667 | I47: 0.75 | J47: 0.91666667 | K47: =IF(J47>I47,J47-I47,I47-J47) -> 0.16666667 | L47: =E47+H47+K47 -> 0.33333333
A48: P180 | B48: VOAHANGY | E48: =IF(D48>C48,D48-C48,C48-D48) -> 0 | H48: =IF(G48>F48,G48-F48,F48-G48) -> 0 | K48: =IF(J48>I48,J48-I48,I48-J48) -> 0 | L48: =E48+H48+K48 -> 0 | M48: REPOS
A49: P537 | B49: TOKY | E49: =IF(D49>C49,D49-C49,C49-D49) -> 0 | H49: =IF(G49>F49,G49-F49,F49-G49) -> 0 | K49: =IF(J49>I49,J49-I49,I49-J49) -> 0 | L49: =E49+H49+K49 -> 0 | M49: REPOS
B50: ALAIN | E50: =IF(D50>C50,D50-C50,C50-D50) -> 0 | H50: =IF(G50>F50,G50-F50,F50-G50) -> 0 | K50: =IF(J50>I50,J50-I50,I50-J50) -> 0 | L50: =E50+H50+K50 -> 0 | M50: REPOS
B51: FRANCIA | E51: =IF(D51>C51,D51-C51,C51-D51) -> 0 | F51: 0.58333333 | G51: 0.75 | H51: =IF(G51>F51,G51-F51,F51-G51) -> 0.16666667 | I51: 0.75 | J51: 0.91666667 | K51: =IF(J51>I51,J51-I51,I51-J51) -> 0.16666667 | L51: =E51+H51+K51 -> 0.33333333
A52: N | B52: NIAVO | E52: =IF(D52>C52,D52-C52,C52-D52) -> 0 | F52: 0.58333333 | G52: 0.75 | H52: =IF(G52>F52,G52-F52,F52-G52) -> 0.16666667 | I52: 0.75 | J52: 0.91666667 | K52: =IF(J52>I52,J52-I52,I52-J52) -> 0.16666667 | L52: =E52+H52+K52 -> 0.33333333
E53: =SUM(E41:E52) -> 0.83333333 | H53: =SUM(H41:H52) -> 1 | K53: =SUM(K41:K52) -> 1.1666667 | L53: =SUM(L41:L52) -> 3
C57: SALLE SNACK | G57: JEUDI | H57: =+H38+1 -> 46247
C58: matin | F58: après-midi | I58: soir
B59: Personne | C59: entrée | D59: sortie | E59: durée | F59: entrée | G59: sortie | H59: durée | I59: entrée | J59: sortie | K59: durée | L59: durée total
A60: P447 | B60: BABY | E60: =IF(D60>C60,D60-C60,C60-D60) -> 0 | H60: =IF(G60>F60,G60-F60,F60-G60) -> 0 | K60: =IF(J60>I60,J60-I60,I60-J60) -> 0 | L60: =E60+H60+K60 -> 0
A61: P185 | B61: EUGENIE | C61: 0.25 | D61: 0.58333333 | E61: =IF(D61>C61,D61-C61,C61-D61) -> 0.33333333 | H61: 0 | K61: =IF(J61>I61,J61-I61,I61-J61) -> 0 | L61: =E61+H61+K61 -> 0.33333333
A62: P042 | B62: FANJA | C62: 0.25 | D62: 0.5 | E62: =IF(D62>C62,D62-C62,C62-D62) -> 0.25 | F62: 0.5 | G62: 0.58333333 | H62: =IF(G62>F62,G62-F62,F62-G62) -> 0.083333333 | K62: =IF(J62>I62,J62-I62,I62-J62) -> 0 | L62: =E62+H62+K62 -> 0.33333333
A63: P185 | B63: LANDRY | C63: 0.25 | D63: 0.41666667 | E63: =IF(D63>C63,D63-C63,C63-D63) -> 0.16666667 | H63: =IF(G63>F63,G63-F63,F63-G63) -> 0 | I63: 0.75 | J63: 0.91666667 | K63: =IF(J63>I63,J63-I63,I63-J63) -> 0.16666667 | L63: =E63+H63+K63 -> 0.33333333
A64: P457 | B64: LYDIA | C64: 0.25 | D64: 0.5 | E64: =IF(D64>C64,D64-C64,C64-D64) -> 0.25 | F64: 0.5 | G64: 0.58333333 | H64: =IF(G64>F64,G64-F64,F64-G64) -> 0.083333333 | K64: =IF(J64>I64,J64-I64,I64-J64) -> 0 | L64: =E64+H64+K64 -> 0.33333333
A65: P358 | B65: RHODIE | E65: =IF(D65>C65,D65-C65,C65-D65) -> 0 | F65: 0.58333333 | G65: 0.75 | H65: =IF(G65>F65,G65-F65,F65-G65) -> 0.16666667 | I65: 0.75 | J65: 0.91666667 | K65: =IF(J65>I65,J65-I65,I65-J65) -> 0.16666667 | L65: =E65+H65+K65 -> 0.33333333
A66: P507 | B66: NOMENA | E66: =IF(D66>C66,D66-C66,C66-D66) -> 0 | F66: 0.58333333 | G66: 0.75 | H66: =IF(G66>F66,G66-F66,F66-G66) -> 0.16666667 | I66: 0.75 | J66: 0.91666667 | K66: =IF(J66>I66,J66-I66,I66-J66) -> 0.16666667 | L66: =E66+H66+K66 -> 0.33333333
A67: P180 | B67: VOAHANGY | C67: 0.25 | D67: 0.5 | E67: =IF(D67>C67,D67-C67,C67-D67) -> 0.25 | F67: 0.5 | G67: 0.58333333 | H67: =IF(G67>F67,G67-F67,F67-G67) -> 0.083333333 | K67: =IF(J67>I67,J67-I67,I67-J67) -> 0 | L67: =E67+H67+K67 -> 0.33333333
A68: P537 | B68: TOKY | E68: =IF(D68>C68,D68-C68,C68-D68) -> 0 | F68: 0.58333333 | G68: 0.75 | H68: =IF(G68>F68,G68-F68,F68-G68) -> 0.16666667 | I68: 0.75 | J68: 0.91666667 | K68: =IF(J68>I68,J68-I68,I68-J68) -> 0.16666667 | L68: =E68+H68+K68 -> 0.33333333
B69: ALAIN | E69: =IF(D69>C69,D69-C69,C69-D69) -> 0 | F69: 0.58333333 | G69: 0.75 | H69: =IF(G69>F69,G69-F69,F69-G69) -> 0.16666667 | I69: 0.75 | J69: 0.91666667 | K69: =IF(J69>I69,J69-I69,I69-J69) -> 0.16666667 | L69: =E69+H69+K69 -> 0.33333333
B70: FRANCIA | E70: =IF(D70>C70,D70-C70,C70-D70) -> 0 | F70: 0.58333333 | G70: 0.75 | H70: =IF(G70>F70,G70-F70,F70-G70) -> 0.16666667 | I70: 0.75 | J70: 0.91666667 | K70: =IF(J70>I70,J70-I70,I70-J70) -> 0.16666667 | L70: =E70+H70+K70 -> 0.33333333
A71: N | B71: NIAVO | C71: 0.25 | D71: 0.5 | E71: =IF(D71>C71,D71-C71,C71-D71) -> 0.25 | F71: 0.5 | G71: 0.58333333 | H71: =IF(G71>F71,G71-F71,F71-G71) -> 0.083333333 | K71: =IF(J71>I71,J71-I71,I71-J71) -> 0 | L71: =E71+H71+K71 -> 0.33333333
E72: =SUM(E60:E71) -> 1.5 | H72: =SUM(H60:H71) -> 1.1666667 | K72: =SUM(K61:K71) -> 1 | L72: =SUM(L61:L71) -> 3.6666667
C75: SALLE SNACK | G75: VENDREDI | H75: =+H57+1 -> 46248
C76: matin | F76: après-midi | I76: soir | M76: REPOS
B77: Personne | C77: entrée | D77: sortie | E77: durée | F77: entrée | G77: sortie | H77: durée | I77: entrée | J77: sortie | K77: durée | L77: durée total
A78: P447 | B78: BABY | E78: =IF(D78>C78,D78-C78,C78-D78) -> 0 | F78: 0.58333333 | G78: 0.75 | H78: =IF(G78>F78,G78-F78,F78-G78) -> 0.16666667 | I78: 0.75 | J78: 0.91666667 | K78: =IF(J78>I78,J78-I78,I78-J78) -> 0.16666667 | L78: =E78+H78+K78 -> 0.33333333
A79: P185 | B79: EUGENIE | C79: 0.25 | D79: 0.5 | E79: =IF(D79>C79,D79-C79,C79-D79) -> 0.25 | F79: 0.5 | G79: 0.58333333 | H79: =IF(G79>F79,G79-F79,F79-G79) -> 0.083333333 | K79: =IF(J79>I79,J79-I79,I79-J79) -> 0 | L79: =E79+H79+K79 -> 0.33333333
A80: P042 | B80: FANJA | E80: =IF(D80>C80,D80-C80,C80-D80) -> 0 | F80: 0.58333333 | G80: 0.75 | H80: =IF(G80>F80,G80-F80,F80-G80) -> 0.16666667 | I80: 0.75 | J80: 0.91666667 | K80: =IF(J80>I80,J80-I80,I80-J80) -> 0.16666667 | L80: =E80+H80+K80 -> 0.33333333
A81: P185 | B81: LANDRY | E81: =IF(D81>C81,D81-C81,C81-D81) -> 0 | F81: 0.58333333 | G81: 0.75 | H81: =IF(G81>F81,G81-F81,F81-G81) -> 0.16666667 | I81: 0.75 | J81: 0.91666667 | K81: =IF(J81>I81,J81-I81,I81-J81) -> 0.16666667 | L81: =E81+H81+K81 -> 0.33333333
A82: P358 | B82: RHODIE | E82: =IF(D82>C82,D82-C82,C82-D82) -> 0 | H82: =IF(G82>F82,G82-F82,F82-G82) -> 0 | K82: =IF(J82>I82,J82-I82,I82-J82) -> 0 | L82: =E82+H82+K82 -> 0
A83: P507 | B83: NOMENA | E83: =IF(D83>C83,D83-C83,C83-D83) -> 0 | F83: 0.58333333 | G83: 0.75 | H83: =IF(G83>F83,G83-F83,F83-G83) -> 0.16666667 | I83: 0.75 | J83: 0.91666667 | K83: =IF(J83>I83,J83-I83,I83-J83) -> 0.16666667 | L83: =E83+H83+K83 -> 0.33333333
A84: P180 | B84: VOAHANGY | C84: 0.25 | D84: 0.5 | E84: =IF(D84>C84,D84-C84,C84-D84) -> 0.25 | F84: 0.5 | G84: 0.58333333 | H84: =IF(G84>F84,G84-F84,F84-G84) -> 0.083333333 | K84: =IF(J84>I84,J84-I84,I84-J84) -> 0 | L84: =E84+H84+K84 -> 0.33333333
A85: P537 | B85: TOKY | C85: 0.25 | D85: 0.5 | E85: =IF(D85>C85,D85-C85,C85-D85) -> 0.25 | F85: 0.5 | G85: 0.58333333 | H85: =IF(G85>F85,G85-F85,F85-G85) -> 0.083333333 | K85: =IF(J85>I85,J85-I85,I85-J85) -> 0 | L85: =E85+H85+K85 -> 0.33333333
B86: ALAIN | C86: 0.25 | D86: 0.5 | E86: =IF(D86>C86,D86-C86,C86-D86) -> 0.25 | F86: 0.5 | G86: 0.58333333 | H86: =IF(G86>F86,G86-F86,F86-G86) -> 0.083333333 | K86: =IF(J86>I86,J86-I86,I86-J86) -> 0 | L86: =E86+H86+K86 -> 0.33333333
B87: FRANCIA | E87: =IF(D87>C87,D87-C87,C87-D87) -> 0 | H87: =IF(G87>F87,G87-F87,F87-G87) -> 0 | K87: =IF(J87>I87,J87-I87,I87-J87) -> 0 | L87: =E87+H87+K87 -> 0
A88: N | B88: NIAVO | C88: 0.25 | D88: 0.5 | E88: =IF(D88>C88,D88-C88,C88-D88) -> 0.25 | F88: 0.5 | G88: 0.58333333 | H88: =IF(G88>F88,G88-F88,F88-G88) -> 0.083333333 | K88: =IF(J88>I88,J88-I88,I88-J88) -> 0 | L88: =E88+H88+K88 -> 0.33333333
E89: =SUM(E78:E88) -> 1.25 | H89: =SUM(H78:H88) -> 1.0833333 | K89: =SUM(K78:K88) -> 0.66666667 | L89: =SUM(L78:L88) -> 3
C91: SALLE SNACK | G91: SAMEDI | H91: =+H75+1 -> 46249
C92: matin | F92: après-midi | I92: soir
B93: Personne | C93: entrée | D93: sortie | E93: durée | F93: entrée | G93: sortie | H93: durée | I93: entrée | J93: sortie | K93: durée | L93: durée total
A94: P447 | B94: BABY | C94: 0.25 | D94: 0.5 | E94: =IF(D94>C94,D94-C94,C94-D94) -> 0.25 | F94: 0.5 | G94: 0.58333333 | H94: =IF(G94>F94,G94-F94,F94-G94) -> 0.083333333 | K94: =IF(J94>I94,J94-I94,I94-J94) -> 0 | L94: =E94+H94+K94 -> 0.33333333
A95: P185 | B95: EUGENIE | C95: 0.25 | D95: 0.41666667 | E95: =IF(D95>C95,D95-C95,C95-D95) -> 0.16666667 | H95: =IF(G95>F95,G95-F95,F95-G95) -> 0 | I95: 0.75 | J95: 0.91666667 | K95: =IF(J95>I95,J95-I95,I95-J95) -> 0.16666667 | L95: =E95+H95+K95 -> 0.33333333
A96: P042 | B96: FANJA | C96: 0.25 | D96: 0.5 | E96: =IF(D96>C96,D96-C96,C96-D96) -> 0.25 | F96: 0.5 | G96: 0.58333333 | H96: =IF(G96>F96,G96-F96,F96-G96) -> 0.083333333 | K96: =IF(J96>I96,J96-I96,I96-J96) -> 0 | L96: =E96+H96+K96 -> 0.33333333
A97: P185 | B97: LANDRY | E97: =IF(D97>C97,D97-C97,C97-D97) -> 0 | F97: 0.58333333 | G97: 0.75 | H97: =IF(G97>F97,G97-F97,F97-G97) -> 0.16666667 | I97: 0.75 | J97: 0.91666667 | K97: =IF(J97>I97,J97-I97,I97-J97) -> 0.16666667 | L97: =E97+H97+K97 -> 0.33333333
A98: P457 | B98: LYDIA
A99: P358 | B99: RHODIE | E99: =IF(D99>C99,D99-C99,C99-D99) -> 0 | F99: 0.58333333 | G99: 0.75 | H99: =IF(G99>F99,G99-F99,F99-G99) -> 0.16666667 | I99: 0.75 | J99: 0.91666667 | K99: =IF(J99>I99,J99-I99,I99-J99) -> 0.16666667 | L99: =E99+H99+K99 -> 0.33333333
A100: P507 | B100: NOMENA | E100: =IF(D100>C100,D100-C100,C100-D100) -> 0 | F100: 0.58333333 | G100: 0.75 | H100: =IF(G100>F100,G100-F100,F100-G100) -> 0.16666667 | I100: 0.75 | J100: 0.91666667 | K100: =IF(J100>I100,J100-I100,I100-J100) -> 0.16666667 | L100: =E100+H100+K100 -> 0.33333333
A101: P180 | B101: VOAHANGY | C101: 0.25 | D101: 0.5 | E101: =IF(D101>C101,D101-C101,C101-D101) -> 0.25 | F101: 0.5 | G101: 0.58333333 | H101: =IF(G101>F101,G101-F101,F101-G101) -> 0.083333333 | K101: =IF(J101>I101,J101-I101,I101-J101) -> 0 | L101: =E101+H101+K101 -> 0.33333333
A102: P537 | B102: TOKY | E102: =IF(D102>C102,D102-C102,C102-D102) -> 0 | F102: 0.58333333 | G102: 0.75 | H102: =IF(G102>F102,G102-F102,F102-G102) -> 0.16666667 | I102: 0.75 | J102: 0.91666667 | K102: =IF(J102>I102,J102-I102,I102-J102) -> 0.16666667 | L102: =E102+H102+K102 -> 0.33333333
B103: ALAIN | C103: 0.25 | D103: 0.5 | E103: =IF(D103>C103,D103-C103,C103-D103) -> 0.25 | F103: 0.5 | G103: 0.58333333 | H103: =IF(G103>F103,G103-F103,F103-G103) -> 0.083333333 | K103: =IF(J103>I103,J103-I103,I103-J103) -> 0 | L103: =E103+H103+K103 -> 0.33333333
B104: FRANCIA | E104: =IF(D104>C104,D104-C104,C104-D104) -> 0 | H104: =IF(G104>F104,G104-F104,F104-G104) -> 0 | K104: =IF(J104>I104,J104-I104,I104-J104) -> 0 | L104: =E104+H104+K104 -> 0
A105: N | B105: NIAVO | E105: =IF(D105>C105,D105-C105,C105-D105) -> 0 | H105: =IF(G105>F105,G105-F105,F105-G105) -> 0 | K105: =IF(J105>I105,J105-I105,I105-J105) -> 0 | L105: =E105+H105+K105 -> 0
E106: =SUM(E94:E102) -> 0.91666667 | H106: =SUM(H94:H102) -> 0.91666667 | K106: =SUM(K94:K102) -> 0.83333333 | L106: =SUM(L94:L102) -> 2.6666667
C108: SALLE SNACK | G108: DIMANCHE | H108: =+H91+1 -> 46250
C109: matin | F109: après-midi | I109: soir
B110: Personne | C110: entrée | D110: sortie | E110: durée | F110: entrée | G110: sortie | H110: durée | I110: entrée | J110: sortie | K110: durée | L110: durée total
A111: P447 | B111: BABY | E111: =IF(D111>C111,D111-C111,C111-D111) -> 0 | F111: 0.58333333 | G111: 0.75 | H111: =IF(G111>F111,G111-F111,F111-G111) -> 0.16666667 | I111: 0.75 | J111: 0.91666667 | K111: =IF(J111>I111,J111-I111,I111-J111) -> 0.16666667 | L111: =E111+H111+K111 -> 0.33333333
A112: P185 | B112: EUGENIE | E112: =IF(D112>C112,D112-C112,C112-D112) -> 0 | H112: =IF(G112>F112,G112-F112,F112-G112) -> 0 | K112: =IF(J112>I112,J112-I112,I112-J112) -> 0 | L112: =E112+H112+K112 -> 0
...

Sheet STOCKISTE
E2: EMPLOI DU TEMPS STOCKISTE WEEK 36
C5: STOCKISTE | G5: =+MAINTENANCE!G5 -> LUNDI | H5: =+'CUISINE RESTO'!H5 -> 46244
C6: matin | F6: après-midi | I6: soir
B7: Personne | C7: entrée | D7: sortie | E7: durée | F7: entrée | G7: sortie | H7: durée | I7: entrée | J7: sortie | K7: durée | L7: durée total
A8: P550 | B8: ROSTAND | C8: 0.41666667 | D8: 0.58333333 | E8: =IF(D8>C8,D8-C8,C8-D8) -> 0.16666667 | H8: =IF(G8>F8,G8-F8,F8-G8) -> 0 | I8: 0.75 | J8: 0.91666667 | K8: =IF(J8>I8,J8-I8,I8-J8) -> 0.16666667 | L8: =E8+H8+K8 -> 0.33333333
A9: P547 | B9: RINO | E9: =IF(D9>C9,D9-C9,C9-D9) -> 0 | F9: 0.58333333 | G9: 0.75 | H9: =IF(G9>F9,G9-F9,F9-G9) -> 0.16666667 | I9: 0.75 | J9: 0.91666667 | K9: =IF(J9>I9,J9-I9,I9-J9) -> 0.16666667 | L9: =E9+H9+K9 -> 0.33333333
A10: P539 | B10: RAMORA | C10: 0.25 | D10: 0.5 | E10: =IF(D10>C10,D10-C10,C10-D10) -> 0.25 | F10: 0.5 | G10: 0.58333333 | H10: =IF(G10>F10,G10-F10,F10-G10) -> 0.083333333 | K10: =IF(J10>I10,J10-I10,I10-J10) -> 0 | L10: =E10+H10+K10 -> 0.33333333
E11: =SUM(E8:E10) -> 0.41666667 | H11: =SUM(H8:H10) -> 0.25 | K11: =SUM(K8:K10) -> 0.33333333 | L11: =SUM(L8:L10) -> 1
C13: STOCKISTE | G13: MARDI | H13: =+H5+1 -> 46245
C14: matin | F14: après-midi | I14: soir
B15: Personne | C15: entrée | D15: sortie | E15: durée | F15: entrée | G15: sortie | H15: durée | I15: entrée | J15: sortie | K15: durée | L15: durée total
A16: P550 | B16: ROSTAND | E16: =IF(D16>C16,D16-C16,C16-D16) -> 0 | F16: 0.58333333 | G16: 0.75 | H16: =IF(G16>F16,G16-F16,F16-G16) -> 0.16666667 | I16: 0.77083333 | J16: 0.91666667 | K16: =IF(J16>I16,J16-I16,I16-J16) -> 0.14583333 | L16: =E16+H16+K16 -> 0.3125
A17: P547 | B17: RINO | E17: =IF(D17>C17,D17-C17,C17-D17) -> 0 | F17: 0.58333333 | G17: 0.75 | H17: =IF(G17>F17,G17-F17,F17-G17) -> 0.16666667 | I17: 0.77083333 | J17: 0.91666667 | K17: =IF(J17>I17,J17-I17,I17-J17) -> 0.14583333 | L17: =E17+H17+K17 -> 0.3125
A18: P539 | B18: RAMORA | E18: =IF(D18>C18,D18-C18,C18-D18) -> 0 | H18: =IF(G18>F18,G18-F18,F18-G18) -> 0 | K18: =IF(J18>I18,J18-I18,I18-J18) -> 0 | L18: =E18+H18+K18 -> 0 | M18: REPOS
E19: =SUM(E16:E18) -> 0 | H19: =SUM(H16:H18) -> 0.33333333 | K19: =SUM(K16:K18) -> 0.29166667 | L19: =SUM(L16:L18) -> 0.625
C21: STOCKISTE | G21: MERCREDI | H21: =+H13+1 -> 46246
C22: matin | F22: après-midi | I22: soir
B23: Personne | C23: entrée | D23: sortie | E23: durée | F23: entrée | G23: sortie | H23: durée | I23: entrée | J23: sortie | K23: durée | L23: durée total
A24: P550 | B24: ROSTAND | E24: =IF(D24>C24,D24-C24,C24-D24) -> 0 | F24: 0.58333333 | G24: 0.75 | H24: =IF(G24>F24,G24-F24,F24-G24) -> 0.16666667 | I24: 0.77083333 | J24: 0.91666667 | K24: =IF(J24>I24,J24-I24,I24-J24) -> 0.14583333 | L24: =E24+H24+K24 -> 0.3125
A25: P547 | B25: RINO | E25: =IF(D25>C25,D25-C25,C25-D25) -> 0 | H25: =IF(G25>F25,G25-F25,F25-G25) -> 0 | K25: =IF(J25>I25,J25-I25,I25-J25) -> 0 | L25: =E25+H25+K25 -> 0 | M25: REPOS
A26: P539 | B26: RAMORA | C26: 0.25 | D26: 0.58333333 | E26: =IF(D26>C26,D26-C26,C26-D26) -> 0.33333333 | H26: =IF(G26>F26,G26-F26,F26-G26) -> 0 | I26: 0.75 | J26: 0.91666667 | K26: =IF(J26>I26,J26-I26,I26-J26) -> 0.16666667 | L26: =E26+H26+K26 -> 0.5
E27: =SUM(E24:E26) -> 0.33333333 | H27: =SUM(H24:H26) -> 0.16666667 | K27: =SUM(K24:K26) -> 0.3125 | L27: =SUM(L24:L26) -> 0.8125
C29: STOCKISTE | G29: JEUDI | H29: =+H21+1 -> 46247
C30: matin | I30: soir
B31: Personne | C31: entrée | D31: sortie | E31: durée | F31: entrée | G31: sortie | H31: durée | I31: entrée | J31: sortie | K31: durée | L31: durée total
A32: P550 | B32: ROSTAND | E32: =IF(D32>C32,D32-C32,C32-D32) -> 0 | H32: =IF(G32>F32,G32-F32,F32-G32) -> 0 | K32: =IF(J32>I32,J32-I32,I32-J32) -> 0 | L32: =E32+H32+K32 -> 0 | M32: REPOS
A33: P547 | B33: RINO | C33: 0.25 | D33: 0.58333333 | E33: =IF(D33>C33,D33-C33,C33-D33) -> 0.33333333 | H33: =IF(G33>F33,G33-F33,F33-G33) -> 0 | I33: 0.75 | J33: 0.91666667 | K33: =IF(J33>I33,J33-I33,I33-J33) -> 0.16666667 | L33: =E33+H33+K33 -> 0.5
A34: P539 | B34: RAMORA | E34: =IF(D34>C34,D34-C34,C34-D34) -> 0 | F34: 0.58333333 | G34: 0.75 | H34: =IF(G34>F34,G34-F34,F34-G34) -> 0.16666667 | I34: 0.77083333 | J34: 0.91666667 | K34: =IF(J34>I34,J34-I34,I34-J34) -> 0.14583333 | L34: =E34+H34+K34 -> 0.3125
E35: =SUM(E32:E34) -> 0.33333333 | H35: =SUM(H32:H34) -> 0.16666667 | K35: =SUM(K32:K34) -> 0.3125 | L35: =SUM(L32:L34) -> 0.8125
C37: STOCKISTE | G37: VENDREDI | H37: =+H29+1 -> 46248
C38: matin | F38: après-midi | I38: soir
B39: Personne | C39: entrée | D39: sortie | E39: durée | F39: entrée | G39: sortie | H39: durée | I39: entrée | J39: sortie | K39: durée | L39: durée total
A40: P550 | B40: ROSTAND | C40: 0.25 | D40: 0.58333333 | E40: =IF(D40>C40,D40-C40,C40-D40) -> 0.33333333 | H40: =IF(G40>F40,G40-F40,F40-G40) -> 0 | K40: =IF(J40>I40,J40-I40,I40-J40) -> 0 | L40: =E40+H40+K40 -> 0.33333333
A41: P547 | B41: RINO | C41: 0.41666667 | D41: 0.58333333 | E41: =IF(D41>C41,D41-C41,C41-D41) -> 0.16666667 | H41: =IF(G41>F41,G41-F41,F41-G41) -> 0 | I41: 0.75 | J41: 0.91666667 | K41: =IF(J41>I41,J41-I41,I41-J41) -> 0.16666667 | L41: =E41+H41+K41 -> 0.33333333
A42: P539 | B42: RAMORA | E42: =IF(D42>C42,D42-C42,C42-D42) -> 0 | F42: 0.58333333 | G42: 0.75 | H42: =IF(G42>F42,G42-F42,F42-G42) -> 0.16666667 | I42: 0.77083333 | J42: 0.91666667 | K42: =IF(J42>I42,J42-I42,I42-J42) -> 0.14583333 | L42: =E42+H42+K42 -> 0.3125
E43: =SUM(E40:E42) -> 0.5 | H43: =SUM(H40:H42) -> 0.16666667 | K43: =SUM(K40:K42) -> 0.3125 | L43: =SUM(L40:L42) -> 0.97916667
C45: STOCKISTE | G45: SAMEDI | H45: =+H37+1 -> 46249
C46: matin | F46: après-midi | I46: soir
B47: Personne | C47: entrée | D47: sortie | E47: durée | F47: entrée | G47: sortie | H47: durée | I47: entrée | J47: sortie | K47: durée | L47: durée total
A48: P550 | B48: ROSTAND | C48: 0.25 | D48: 0.58333333 | E48: =IF(D48>C48,D48-C48,C48-D48) -> 0.33333333 | H48: =IF(G48>F48,G48-F48,F48-G48) -> 0 | K48: =IF(J48>I48,J48-I48,I48-J48) -> 0 | L48: =E48+H48+K48 -> 0.33333333
A49: P547 | B49: RINO | C49: 0.41666667 | D49: 0.58333333 | E49: =IF(D49>C49,D49-C49,C49-D49) -> 0.16666667 | H49: =IF(G49>F49,G49-F49,F49-G49) -> 0 | I49: 0.75 | J49: 0.91666667 | K49: =IF(J49>I49,J49-I49,I49-J49) -> 0.16666667 | L49: =E49+H49+K49 -> 0.33333333
A50: P539 | B50: RAMORA | E50: =IF(D50>C50,D50-C50,C50-D50) -> 0 | F50: 0.58333333 | G50: 0.75 | H50: =IF(G50>F50,G50-F50,F50-G50) -> 0.16666667 | I50: 0.77083333 | J50: 0.91666667 | K50: =IF(J50>I50,J50-I50,I50-J50) -> 0.14583333 | L50: =E50+H50+K50 -> 0.3125
E51: =SUM(E48:E50) -> 0.5 | H51: =SUM(H48:H50) -> 0.16666667 | K51: =SUM(K48:K50) -> 0.3125 | L51: =SUM(L48:L50) -> 0.97916667
C53: STOCKISTE | G53: DIMANCHE | H53: =+H45+1 -> 46250
C54: matin | F54: après-midi | I54: soir
B55: Personne | C55: entrée | D55: sortie | E55: durée | F55: entrée | G55: sortie | H55: durée | I55: entrée | J55: sortie | K55: durée | L55: durée total
A56: P550 | B56: ROSTAND | C56: 0.25 | D56: 0.58333333 | E56: =IF(D56>C56,D56-C56,C56-D56) -> 0.33333333 | H56: =IF(G56>F56,G56-F56,F56-G56) -> 0 | K56: =IF(J56>I56,J56-I56,I56-J56) -> 0 | L56: =E56+H56+K56 -> 0.33333333
A57: P547 | B57: RINO | E57: =IF(D57>C57,D57-C57,C57-D57) -> 0 | F57: 0.58333333 | G57: 0.75 | H57: =IF(G57>F57,G57-F57,F57-G57) -> 0.16666667 | I57: 0.75 | J57: 0.91666667 | K57: =IF(J57>I57,J57-I57,I57-J57) -> 0.16666667 | L57: =E57+H57+K57 -> 0.33333333
A58: P539 | B58: RAMORA | C58: 0.41666667 | D58: 0.58333333 | E58: =IF(D58>C58,D58-C58,C58-D58) -> 0.16666667 | H58: =IF(G58>F58,G58-F58,F58-G58) -> 0 | I58: 0.75 | J58: 0.91666667 | K58: =IF(J58>I58,J58-I58,I58-J58) -> 0.16666667 | L58: =E58+H58+K58 -> 0.33333333
E59: =SUM(E56:E58) -> 0.5 | H59: =SUM(H56:H58) -> 0.16666667 | K59: =SUM(K56:K58) -> 0.33333333 | L59: =SUM(L56:L58) -> 1
C61: STOCKISTE | G61: LUNDI | H61: =+H53+1 -> 46251
C62: matin | F62: après-midi | I62: soir
B63: Personne | C63: entrée | D63: sortie | E63: durée | F63: entrée | G63: sortie | H63: durée | I63: entrée | J63: sortie | K63: durée | L63: durée total
A64: P550 | B64: ROSTAND | C64: 0.25 | D64: 0.58333333 | E64: =IF(D64>C64,D64-C64,C64-D64) -> 0.33333333 | H64: =IF(G64>F64,G64-F64,F64-G64) -> 0 | K64: =IF(J64>I64,J64-I64,I64-J64) -> 0 | L64: =E64+H64+K64 -> 0.33333333
A65: P547 | B65: RINO | E65: =IF(D65>C65,D65-C65,C65-D65) -> 0 | F65: 0.58333333 | G65: 0.75 | H65: =IF(G65>F65,G65-F65,F65-G65) -> 0.16666667 | I65: 0.77083333 | J65: 0.91666667 | K65: =IF(J65>I65,J65-I65,I65-J65) -> 0.14583333 | L65: =E65+H65+K65 -> 0.3125
A66: P539 | B66: RAMORA | C66: 0.41666667 | D66: 0.58333333 | E66: =IF(D66>C66,D66-C66,C66-D66) -> 0.16666667 | H66: =IF(G66>F66,G66-F66,F66-G66) -> 0 | I66: 0.75 | J66: 0.91666667 | K66: =IF(J66>I66,J66-I66,I66-J66) -> 0.16666667 | L66: =E66+H66+K66 -> 0.33333333 | M66: REPOS
E67: =SUM(E64:E66) -> 0.5 | H67: =SUM(H64:H66) -> 0.16666667 | K67: =SUM(K64:K66) -> 0.3125 | L67: =SUM(L64:L66) -> 0.97916667
A71: P550 | B71: ROSTAND | C71: =+L8+L16+L24+L32+L40+L48+L56 -> 1.9583333
A72: P547 | B72: RINO | C72: =+L9+L17+L25+L33+L41+L49+L57 -> 2.1458333
A73: P539 | B73: RAMORA | C73: =+L10+L18+L26+L34+L42+L50+L58 -> 2.1041667

Sheet RESPONSABLE ESPACE COMMUN
E2: EMPLOI DU TEMPS ESPACE COMMUN WEEK37
C5: RESPONSABLE ESPACE COMMUN | G5: LUNDI | H5: =+STOCKISTE!H5 -> 46244
C6: matin | F6: après-midi | I6: soir
B7: Personne | C7: entrée | D7: sortie | E7: durée | F7: entrée | G7: sortie | H7: durée | I7: entrée | J7: sortie | K7: durée | L7: durée total
A8: P386 | B8: OLIVA | C8: 0.25 | D8: 0.5 | E8: =IF(D8>C8,D8-C8,C8-D8) -> 0.25 | F8: 0.52083333 | G8: 0.60416667 | H8: =IF(G8>F8,G8-F8,F8-G8) -> 0.083333333 | K8: =IF(J8>I8,J8-I8,I8-J8) -> 0 | L8: =E8+H8+K8 -> 0.33333333
E9: =SUM(E8:E8) -> 0.25 | H9: =SUM(H8:H8) -> 0.083333333 | K9: =SUM(K8:K8) -> 0 | L9: =SUM(L8:L8) -> 0.33333333
C11: RESPONSABLE ESPACE COMMUN | G11: MARDI | H11: =+H5+1 -> 46245
C12: matin | F12: après-midi | I12: soir
B13: Personne | C13: entrée | D13: sortie | E13: durée | F13: entrée | G13: sortie | H13: durée | I13: entrée | J13: sortie | K13: durée | L13: durée total
A14: P386 | B14: OLIVA | C14: 0.25 | D14: 0.5 | E14: =IF(D14>C14,D14-C14,C14-D14) -> 0.25 | F14: 0.52083333 | G14: 0.60416667 | H14: =IF(G14>F14,G14-F14,F14-G14) -> 0.083333333 | K14: =IF(J14>I14,J14-I14,I14-J14) -> 0 | L14: =E14+H14+K14 -> 0.33333333
E15: =SUM(E14:E14) -> 0.25 | H15: =SUM(H14:H14) -> 0.083333333 | K15: =SUM(K14:K14) -> 0 | L15: =SUM(L14:L14) -> 0.33333333
C17: RESPONSABLE ESPACE COMMUN | G17: MERCREDI | H17: =+H11+1 -> 46246
C18: matin | F18: après-midi | I18: soir
B19: Personne | C19: entrée | D19: sortie | E19: durée | F19: entrée | G19: sortie | H19: durée | I19: entrée | J19: sortie | K19: durée | L19: durée total
A20: P386 | B20: OLIVA | C20: 0.25 | D20: 0.5 | E20: =IF(D20>C20,D20-C20,C20-D20) -> 0.25 | F20: 0.52083333 | G20: 0.60416667 | H20: =IF(G20>F20,G20-F20,F20-G20) -> 0.083333333 | K20: =IF(J20>I20,J20-I20,I20-J20) -> 0 | L20: =E20+H20+K20 -> 0.33333333
E21: =SUM(E20:E20) -> 0.25 | H21: =SUM(H20:H20) -> 0.083333333 | K21: =SUM(K20:K20) -> 0 | L21: =SUM(L20:L20) -> 0.33333333
C23: RESPONSABLE ESPACE COMMUN | G23: JEUDI | H23: =+H17+1 -> 46247
C24: matin | F24: après-midi | I24: soir
B25: Personne | C25: entrée | D25: sortie | E25: durée | F25: entrée | G25: sortie | H25: durée | I25: entrée | J25: sortie | K25: durée | L25: durée total
A26: P386 | B26: OLIVA | C26: 0.25 | D26: 0.5 | E26: =IF(D26>C26,D26-C26,C26-D26) -> 0.25 | F26: 0.52083333 | G26: 0.60416667 | H26: =IF(G26>F26,G26-F26,F26-G26) -> 0.083333333 | K26: =IF(J26>I26,J26-I26,I26-J26) -> 0 | L26: =E26+H26+K26 -> 0.33333333
E27: =SUM(E26:E26) -> 0.25 | H27: =SUM(H26:H26) -> 0.083333333 | K27: =SUM(K26:K26) -> 0 | L27: =SUM(L26:L26) -> 0.33333333
C29: RESPONSABLE ESPACE COMMUN | G29: VENDREDI | H29: =+H23+1 -> 46248
C30: matin | F30: après-midi | I30: soir
B31: Personne | C31: entrée | D31: sortie | E31: durée | F31: entrée | G31: sortie | H31: durée | I31: entrée | J31: sortie | K31: durée | L31: durée total
A32: P386 | B32: OLIVA | C32: 0.25 | D32: 0.5 | E32: =IF(D32>C32,D32-C32,C32-D32) -> 0.25 | F32: 0.52083333 | G32: 0.60416667 | H32: =IF(G32>F32,G32-F32,F32-G32) -> 0.083333333 | K32: =IF(J32>I32,J32-I32,I32-J32) -> 0 | L32: =E32+H32+K32 -> 0.33333333
E33: =SUM(E32:E32) -> 0.25 | H33: =SUM(H32:H32) -> 0.083333333 | K33: =SUM(K32:K32) -> 0 | L33: =SUM(L32:L32) -> 0.33333333
C35: RESPONSABLE ESPACE COMMUN | G35: SAMEDI | H35: =+H29+1 -> 46249
C36: matin | F36: après-midi | I36: soir
B37: Personne | C37: entrée | D37: sortie | E37: durée | F37: entrée | G37: sortie | H37: durée | I37: entrée | J37: sortie | K37: durée | L37: durée total
A38: P386 | B38: OLIVA | C38: 0.25 | D38: 0.5 | E38: =IF(D38>C38,D38-C38,C38-D38) -> 0.25 | F38: 0.52083333 | G38: 0.60416667 | H38: =IF(G38>F38,G38-F38,F38-G38) -> 0.083333333 | K38: =IF(J38>I38,J38-I38,I38-J38) -> 0 | L38: =E38+H38+K38 -> 0.33333333
C40: RESPONSABLE ESPACE COMMUN | G40: DIMANCHE | H40: =+H35+1 -> 46250
C41: matin | F41: après-midi | I41: soir
B42: Personne | C42: entrée | D42: sortie | E42: durée | F42: entrée | G42: sortie | H42: durée | I42: entrée | J42: sortie | K42: durée | L42: durée total
A43: P386 | B43: OLIVA | E43: =IF(D43>C43,D43-C43,C43-D43) -> 0 | H43: =IF(G43>F43,G43-F43,F43-G43) -> 0 | K43: =IF(J43>I43,J43-I43,I43-J43) -> 0 | L43: =E43+H43+K43 -> 0 | M43: REPOS
E44: =SUM(E43:E43) -> 0 | H44: =SUM(H43:H43) -> 0 | K44: =SUM(K43:K43) -> 0 | L44: =SUM(L43:L43) -> 0

Sheet COMMUNICATION-MAJ
E2: EMPLOI DU TEMPS COMMUNICATION WEEK 37
C5: COMMUNICATION | G5: LUNDI | H5: =+'RESPONSABLE ESPACE COMMUN'!H5 -> 46244
C6: matin | F6: après-midi | I6: soir
B7: Personne | C7: entrée | D7: sortie | E7: durée | F7: entrée | G7: sortie | H7: durée | I7: entrée | J7: sortie | K7: durée | L7: durée total
A8: P484 | B8: MIKA | E8: =IF(D8>C8,D8-C8,C8-D8) -> 0 | H8: =IF(G8>F8,G8-F8,F8-G8) -> 0 | K8: =IF(J8>I8,J8-I8,I8-J8) -> 0 | L8: =E8+H8+K8 -> 0 | M8: REPOS | R8: 50 | S8: 130 | T8: =+R8*S8 -> 6500
A9: P490 | B9: MINO | E9: =IF(D9>C9,D9-C9,C9-D9) -> 0 | H9: =IF(G9>F9,G9-F9,F9-G9) -> 0 | K9: =IF(J9>I9,J9-I9,I9-J9) -> 0 | L9: =E9+H9+K9 -> 0 | M9: REPOS | R9: 31 | S9: 764 | T9: =+R9*S9 -> 23684
A10: P528 | B10: FAMENO | C10: 0.33333333 | D10: 0.5 | E10: =IF(D10>C10,D10-C10,C10-D10) -> 0.16666667 | H10: =IF(G10>F10,G10-F10,F10-G10) -> 0 | I10: 0.70833333 | J10: 0.83333333 | K10: =IF(J10>I10,J10-I10,I10-J10) -> 0.125 | L10: =E10+H10+K10 -> 0.29166667
E11: =SUM(E8:E10) -> 0.16666667 | H11: =SUM(H8:H10) -> 0 | K11: =SUM(K8:K10) -> 0.125 | L11: =SUM(L8:L10) -> 0.29166667 | T11: 1000
C13: COMMUNICATION | G13: MARDI | H13: =+H5+1 -> 46245 | T13: =SUM(T8:T12) -> 31184
C14: matin | F14: après-midi | I14: soir | T14: =+T13*6.7755% -> 2112.8719 | U14: 0.067755
B15: Personne | C15: entrée | D15: sortie | E15: durée | F15: entrée | G15: sortie | H15: durée | I15: entrée | J15: sortie | K15: durée | L15: durée total | T15: =+T13*2.904% -> 905.58336 | U15: 0.02904
A16: P484 | B16: MIKA | E16: =IF(D16>C16,D16-C16,C16-D16) -> 0 | H16: =IF(G16>F16,G16-F16,F16-G16) -> 0 | K16: =IF(J16>I16,J16-I16,I16-J16) -> 0 | L16: =E16+H16+K16 -> 0 | M16: REPOS | T16: 296.05 | U16: =+T16/T13% -> 0.94936506 | V16: =+T16/T13 -> 0.0094936506
A17: P490 | B17: MINO | E17: =IF(D17>C17,D17-C17,C17-D17) -> 0 | H17: =IF(G17>F17,G17-F17,F17-G17) -> 0 | K17: =IF(J17>I17,J17-I17,I17-J17) -> 0 | L17: =E17+H17+K17 -> 0 | M17: REPOS
A18: P528 | B18: FAMENO | C18: 0.33333333 | D18: 0.5 | E18: =IF(D18>C18,D18-C18,C18-D18) -> 0.16666667 | H18: =IF(G18>F18,G18-F18,F18-G18) -> 0 | I18: 0.70833333 | J18: 0.83333333 | K18: =IF(J18>I18,J18-I18,I18-J18) -> 0.125 | L18: =E18+H18+K18 -> 0.29166667 | T18: =SUM(T13:T16) -> 34498.505
E19: =SUM(E16:E18) -> 0.16666667 | H19: =SUM(H16:H18) -> 0 | K19: =SUM(K16:K18) -> 0.125 | L19: =SUM(L16:L18) -> 0.29166667
C21: COMMUNICATION | G21: MERCREDI | H21: =+H13+1 -> 46246
C22: matin | F22: après-midi | I22: soir | P22: =703-790 -> -87 | R22: 50 | S22: 130 | T22: =+R22*S22 -> 6500
B23: Personne | C23: entrée | D23: sortie | E23: durée | F23: entrée | G23: sortie | H23: durée | I23: entrée | J23: sortie | K23: durée | L23: durée total | R23: 37 | S23: 764 | T23: =+R23*S23 -> 28268
A24: P484 | B24: MIKA | E24: =IF(D24>C24,D24-C24,C24-D24) -> 0 | H24: =IF(G24>F24,G24-F24,F24-G24) -> 0 | K24: =IF(J24>I24,J24-I24,I24-J24) -> 0 | L24: =E24+H24+K24 -> 0 | M24: REPOS
A25: P490 | B25: MINO | C25: 0.33333333 | D25: 0.5 | E25: =IF(D25>C25,D25-C25,C25-D25) -> 0.16666667 | F25: 0.5 | G25: 0.66666667 | H25: =IF(G25>F25,G25-F25,F25-G25) -> 0.16666667 | K25: =IF(J25>I25,J25-I25,I25-J25) -> 0 | L25: =E25+H25+K25 -> 0.33333333 | T25: 1000
A26: P528 | B26: FAMENO | C26: 0.33333333 | D26: 0.5 | E26: =IF(D26>C26,D26-C26,C26-D26) -> 0.16666667 | H26: =IF(G26>F26,G26-F26,F26-G26) -> 0 | I26: 0.66666667 | J26: 0.79166667 | K26: =IF(J26>I26,J26-I26,I26-J26) -> 0.125 | L26: =E26+H26+K26 -> 0.29166667
E27: =SUM(E24:E26) -> 0.33333333 | H27: =SUM(H24:H26) -> 0.16666667 | K27: =SUM(K24:K26) -> 0.125 | L27: =SUM(L24:L26) -> 0.625 | T27: =SUM(T22:T26) -> 35768
T28: =+T27*6.7755% -> 2423.4608 | U28: 0.067755
C29: COMMUNICATION | G29: JEUDI | H29: =+H21+1 -> 46247 | T29: =+T27*2.904% -> 1038.7027 | U29: 0.02904
C30: matin | F30: après-midi | I30: soir | T30: 296.05 | U30: =+T30/T27% -> 0.82769515 | V30: =+T30/T27 -> 0.0082769515
B31: Personne | C31: entrée | D31: sortie | E31: durée | F31: entrée | G31: sortie | H31: durée | I31: entrée | J31: sortie | K31: durée | L31: durée total
A32: P484 | B32: MIKA | C32: 0.33333333 | D32: 0.5 | E32: =IF(D32>C32,D32-C32,C32-D32) -> 0.16666667 | F32: 0.5 | G32: 0.70833333 | H32: =IF(G32>F32,G32-F32,F32-G32) -> 0.20833333 | K32: =IF(J32>I32,J32-I32,I32-J32) -> 0 | L32: =E32+H32+K32 -> 0.375 | T32: =SUM(T27:T30) -> 39526.214
A33: P490 | B33: MINO | C33: 0.33333333 | D33: 0.5 | E33: =IF(D33>C33,D33-C33,C33-D33) -> 0.16666667 | F33: 0.5 | G33: 0.66666667 | H33: =IF(G33>F33,G33-F33,F33-G33) -> 0.16666667 | K33: =IF(J33>I33,J33-I33,I33-J33) -> 0 | L33: =E33+H33+K33 -> 0.33333333
A34: P528 | B34: FAMENO | C34: 0.33333333 | D34: 0.5 | E34: =IF(D34>C34,D34-C34,C34-D34) -> 0.16666667 | H34: =IF(G34>F34,G34-F34,F34-G34) -> 0 | I34: 0.66666667 | J34: 0.79166667 | K34: =IF(J34>I34,J34-I34,I34-J34) -> 0.125 | L34: =E34+H34+K34 -> 0.29166667
E35: =SUM(E32:E34) -> 0.5 | H35: =SUM(H32:H34) -> 0.375 | K35: =SUM(K32:K34) -> 0.125 | L35: =SUM(L32:L34) -> 1 | Q35: =16845-16730 -> 115 | R35: 16730 | S35: 85 | U35: 16730
Q36: =16730+87 -> 16817 | R36: =+R35+S35 -> 16815 | S36: 75 | U36: 16845 | V36: =+U36-U35 -> 115
C37: COMMUNICATION | G37: VENDREDI | H37: =+H29+1 -> 46248 | R37: =+R36+S36 -> 16890 | U37: =+U36+V37 -> 16905 | V37: 60
C38: matin | F38: après-midi | I38: soir
B39: Personne | C39: entrée | D39: sortie | E39: durée | F39: entrée | G39: sortie | H39: durée | I39: entrée | J39: sortie | K39: durée | L39: durée total
A40: P484 | B40: MIKA | C40: 0.33333333 | D40: 0.5 | E40: =IF(D40>C40,D40-C40,C40-D40) -> 0.16666667 | F40: 0.5 | G40: 0.70833333 | H40: =IF(G40>F40,G40-F40,F40-G40) -> 0.20833333 | K40: =IF(J40>I40,J40-I40,I40-J40) -> 0 | L40: =E40+H40+K40 -> 0.375
A41: P490 | B41: MINO | C41: 0.33333333 | D41: 0.5 | E41: =IF(D41>C41,D41-C41,C41-D41) -> 0.16666667 | F41: 0.5 | G41: 0.66666667 | H41: =IF(G41>F41,G41-F41,F41-G41) -> 0.16666667 | K41: =IF(J41>I41,J41-I41,I41-J41) -> 0 | L41: =E41+H41+K41 -> 0.33333333
A42: P528 | B42: FAMENO | C42: 0.33333333 | D42: 0.5 | E42: =IF(D42>C42,D42-C42,C42-D42) -> 0.16666667 | H42: =IF(G42>F42,G42-F42,F42-G42) -> 0 | I42: 0.66666667 | J42: 0.79166667 | K42: =IF(J42>I42,J42-I42,I42-J42) -> 0.125 | L42: =E42+H42+K42 -> 0.29166667
E43: =SUM(E40:E42) -> 0.5 | H43: =SUM(H40:H42) -> 0.375 | K43: =SUM(K40:K42) -> 0.125 | L43: =SUM(L40:L42) -> 1
C45: COMMUNICATION | G45: SAMEDI | H45: =+H37+1 -> 46249
C46: matin | F46: après-midi | I46: soir
B47: Personne | C47: entrée | D47: sortie | E47: durée | F47: entrée | G47: sortie | H47: durée | I47: entrée | J47: sortie | K47: durée | L47: durée total
A48: P484 | B48: MIKA | E48: =IF(D48>C48,D48-C48,C48-D48) -> 0 | H48: =IF(G48>F48,G48-F48,F48-G48) -> 0 | K48: =IF(J48>I48,J48-I48,I48-J48) -> 0 | L48: =E48+H48+K48 -> 0 | M48: REPOS
A49: P490 | B49: MINO | C49: 0.33333333 | D49: 0.5 | E49: =IF(D49>C49,D49-C49,C49-D49) -> 0.16666667 | H49: =IF(G49>F49,G49-F49,F49-G49) -> 0 | K49: =IF(J49>I49,J49-I49,I49-J49) -> 0 | L49: =E49+H49+K49 -> 0.16666667
A50: P528 | B50: FAMENO | E50: =IF(D50>C50,D50-C50,C50-D50) -> 0 | H50: =IF(G50>F50,G50-F50,F50-G50) -> 0 | K50: =IF(J50>I50,J50-I50,I50-J50) -> 0 | L50: =E50+H50+K50 -> 0 | M50: REPOS
E51: =SUM(E48:E50) -> 0.16666667 | H51: =SUM(H48:H50) -> 0 | K51: =SUM(K48:K50) -> 0 | L51: =SUM(L48:L50) -> 0.16666667
C53: COMMUNICATION | G53: DIMANCHE | H53: =+H45+1 -> 46250
C54: matin | F54: après-midi | I54: soir
B55: Personne | C55: entrée | D55: sortie | E55: durée | F55: entrée | G55: sortie | H55: durée | I55: entrée | J55: sortie | K55: durée | L55: durée total
A56: P484 | B56: MIKA | E56: =IF(D56>C56,D56-C56,C56-D56) -> 0 | H56: =IF(G56>F56,G56-F56,F56-G56) -> 0 | K56: =IF(J56>I56,J56-I56,I56-J56) -> 0 | L56: =E56+H56+K56 -> 0 | M56: REPOS
A57: P490 | B57: MINO | E57: =IF(D57>C57,D57-C57,C57-D57) -> 0 | H57: =IF(G57>F57,G57-F57,F57-G57) -> 0 | K57: =IF(J57>I57,J57-I57,I57-J57) -> 0 | L57: =E57+H57+K57 -> 0 | M57: REPOS
A58: P528 | B58: FAMENO | E58: =IF(D58>C58,D58-C58,C58-D58) -> 0 | H58: =IF(G58>F58,G58-F58,F58-G58) -> 0 | K58: =IF(J58>I58,J58-I58,I58-J58) -> 0 | L58: =E58+H58+K58 -> 0 | M58: REPOS
E59: =SUM(E56:E58) -> 0 | H59: =SUM(H56:H58) -> 0 | K59: =SUM(K56:K58) -> 0 | L59: =SUM(L56:L58) -> 0
B62: MIKA | C62: =+L8+L16+L24+L32+L40+L48+L56 -> 0.75
B63: MINO | C63: =+L9+L17+L25+L33+L41+L49+L57 -> 1.1666667
B64: FAMENO | C64: =+L10+L18+L26+L34+L42+L50+L58 -> 1.4583333

Sheet RECEPTION
E2: EMPLOI DU TEMPS RECEPTION WEEK 37
C5: RECEPTION | G5: LUNDI | H5: =+'COMMUNICATION-MAJ'!H5 -> 46244
C6: matin | F6: après-midi | I6: soir
B7: Personne | C7: entrée | D7: sortie | E7: durée | F7: entrée | G7: sortie | H7: durée | I7: entrée | J7: sortie | K7: durée | L7: durée total
A8: P436 | B8: MINOSOA | C8: 0.29166667 | D8: 0.45833333 | E8: =IF(D8>C8,D8-C8,C8-D8) -> 0.16666667 | F8: 0.625 | G8: 0.79166667 | H8: =IF(G8>F8,G8-F8,F8-G8) -> 0.16666667 | K8: =IF(J8>I8,J8-I8,I8-J8) -> 0 | L8: =E8+H8+K8 -> 0.33333333
A9: P024 | B9: MICHELLE | E9: =IF(D9>C9,D9-C9,C9-D9) -> 0 | H9: =IF(G9>F9,G9-F9,F9-G9) -> 0 | K9: =IF(J9>I9,J9-I9,I9-J9) -> 0 | L9: =E9+H9+K9 -> 0 | M9: REPOS
A10: P481 | B10: FANIRY DIANE | E10: =IF(D10>C10,D10-C10,C10-D10) -> 0 | H10: =IF(G10>F10,G10-F10,F10-G10) -> 0 | K10: =IF(J10>I10,J10-I10,I10-J10) -> 0 | L10: =E10+H10+K10 -> 0 | M10: REPOS
A11: P526 | B11: TSIRESY | E11: =IF(D11>C11,D11-C11,C11-D11) -> 0 | F11: 0.70833333 | G11: 0.75 | H11: =IF(G11>F11,G11-F11,F11-G11) -> 0.041666667 | I11: 0.75 | J11: 1 | K11: =IF(J11>I11,J11-I11,I11-J11) -> 0.25 | L11: =E11+H11+K11 -> 0.29166667
A12: P491 | B12: FRANCKY | E12: =IF(D12>C12,D12-C12,C12-D12) -> 0 | H12: =IF(G12>F12,G12-F12,F12-G12) -> 0 | K12: =IF(J12>I12,J12-I12,I12-J12) -> 0 | L12: =E12+H12+K12 -> 0 | M12: REPOS
A13: P530 | B13: HARSON | C13: 0.20833333 | D13: 0.33333333 | E13: =IF(D13>C13,D13-C13,C13-D13) -> 0.125 | H13: =IF(G13>F13,G13-F13,F13-G13) -> 0 | K13: =IF(J13>I13,J13-I13,I13-J13) -> 0 | L13: =E13+H13+K13 -> 0.125
A14: P549 | B14: SITRAKA | C14: 0.33333333 | D14: 0.5 | E14: =IF(D14>C14,D14-C14,C14-D14) -> 0.16666667 | F14: 0.54166667 | G14: 0.66666667 | H14: =IF(G14>F14,G14-F14,F14-G14) -> 0.125 | K14: =IF(J14>I14,J14-I14,I14-J14) -> 0 | L14: =E14+H14+K14 -> 0.29166667
A15: P548 | B15: HERIS | E15: =IF(D15>C15,D15-C15,C15-D15) -> 0 | F15: 0.70833333 | G15: 0.75 | H15: =IF(G15>F15,G15-F15,F15-G15) -> 0.041666667 | I15: 0.75 | J15: 1 | K15: =IF(J15>I15,J15-I15,I15-J15) -> 0.25 | L15: =E15+H15+K15 -> 0.29166667
B16: SYLVIA | C16: 0.33333333 | D16: 0.5 | E16: =IF(D16>C16,D16-C16,C16-D16) -> 0.16666667 | F16: 0.54166667 | G16: 0.70833333 | H16: =IF(G16>F16,G16-F16,F16-G16) -> 0.16666667 | K16: =IF(J16>I16,J16-I16,I16-J16) -> 0 | L16: =E16+H16+K16 -> 0.33333333
B17: SAFIDY | E17: =IF(D17>C17,D17-C17,C17-D17) -> 0 | F17: 0.70833333 | G17: 0.75 | H17: =IF(G17>F17,G17-F17,F17-G17) -> 0.041666667 | I17: 0.75 | J17: 1 | K17: =IF(J17>I17,J17-I17,I17-J17) -> 0.25 | L17: =E17+H17+K17 -> 0.29166667
B18: ANGELA | C18: 0.20833333 | D18: 0.33333333 | E18: =IF(D18>C18,D18-C18,C18-D18) -> 0.125 | H18: =IF(G18>F18,G18-F18,F18-G18) -> 0 | K18: =IF(J18>I18,J18-I18,I18-J18) -> 0 | L18: =E18+H18+K18 -> 0.125
E19: =SUM(E8:E18) -> 0.75 | H19: =SUM(H8:H18) -> 0.58333333 | K19: =SUM(K8:K18) -> 0.75 | L19: =SUM(L8:L18) -> 2.0833333
C21: RECEPTION | G21: MARDI | H21: =+H5+1 -> 46245
C22: matin | F22: après-midi | I22: soir
B23: Personne | C23: entrée | D23: sortie | E23: durée | F23: entrée | G23: sortie | H23: durée | I23: entrée | J23: sortie | K23: durée | L23: durée total
A24: P436 | B24: MINOSOA | C24: 0.29166667 | D24: 0.45833333 | E24: =IF(D24>C24,D24-C24,C24-D24) -> 0.16666667 | F24: 0.625 | G24: 0.79166667 | H24: =IF(G24>F24,G24-F24,F24-G24) -> 0.16666667 | K24: =IF(J24>I24,J24-I24,I24-J24) -> 0 | L24: =E24+H24+K24 -> 0.33333333
A25: P024 | B25: MICHELLE | E25: =IF(D25>C25,D25-C25,C25-D25) -> 0 | H25: =IF(G25>F25,G25-F25,F25-G25) -> 0 | K25: =IF(J25>I25,J25-I25,I25-J25) -> 0 | L25: =E25+H25+K25 -> 0 | M25: REPOS
A26: P481 | B26: FANIRY DIANE | C26: 0.33333333 | D26: 0.5 | E26: =IF(D26>C26,D26-C26,C26-D26) -> 0.16666667 | F26: 0.54166667 | G26: 0.70833333 | H26: =IF(G26>F26,G26-F26,F26-G26) -> 0.16666667 | K26: =IF(J26>I26,J26-I26,I26-J26) -> 0 | L26: =E26+H26+K26 -> 0.33333333
A27: P526 | B27: TSIRESY | C27: 0.20833333 | D27: 0.33333333 | E27: =IF(D27>C27,D27-C27,C27-D27) -> 0.125 | H27: =IF(G27>F27,G27-F27,F27-G27) -> 0 | K27: =IF(J27>I27,J27-I27,I27-J27) -> 0 | L27: =E27+H27+K27 -> 0.125
A28: P491 | B28: FRANCKY | E28: =IF(D28>C28,D28-C28,C28-D28) -> 0 | F28: 0.70833333 | G28: 0.75 | H28: =IF(G28>F28,G28-F28,F28-G28) -> 0.041666667 | I28: 0.75 | J28: 1 | K28: =IF(J28>I28,J28-I28,I28-J28) -> 0.25 | L28: =E28+H28+K28 -> 0.29166667
A29: P530 | B29: HARSON | E29: =IF(D29>C29,D29-C29,C29-D29) -> 0 | F29: 0.70833333 | G29: 0.75 | H29: =IF(G29>F29,G29-F29,F29-G29) -> 0.041666667 | I29: 0.75 | J29: 1 | K29: =IF(J29>I29,J29-I29,I29-J29) -> 0.25 | L29: =E29+H29+K29 -> 0.29166667
A30: P549 | B30: SITRAKA | E30: =IF(D30>C30,D30-C30,C30-D30) -> 0 | H30: =IF(G30>F30,G30-F30,F30-G30) -> 0 | K30: =IF(J30>I30,J30-I30,I30-J30) -> 0 | L30: =E30+H30+K30 -> 0 | M30: REPOS
A31: P548 | B31: HERIS | C31: 0.20833333 | D31: 0.33333333 | E31: =IF(D31>C31,D31-C31,C31-D31) -> 0.125 | H31: =IF(G31>F31,G31-F31,F31-G31) -> 0 | K31: =IF(J31>I31,J31-I31,I31-J31) -> 0 | L31: =E31+H31+K31 -> 0.125
B32: SYLVIA | C32: 0.33333333 | D32: 0.5 | E32: =IF(D32>C32,D32-C32,C32-D32) -> 0.16666667 | F32: 0.54166667 | G32: 0.70833333 | H32: =IF(G32>F32,G32-F32,F32-G32) -> 0.16666667 | K32: =IF(J32>I32,J32-I32,I32-J32) -> 0 | L32: =E32+H32+K32 -> 0.33333333 | V32: 0.75 | W32: 1 | X32: =IF(W32>V32,W32-V32,V32-W32) -> 0.25 | Y32: =E34+H34+X32 -> 0.375
B33: ANGELA | C33: 0.33333333 | D33: 0.5 | E33: =IF(D33>C33,D33-C33,C33-D33) -> 0.16666667 | F33: 0.54166667 | G33: 0.70833333 | H33: =IF(G33>F33,G33-F33,F33-G33) -> 0.16666667 | K33: =IF(J33>I33,J33-I33,I33-J33) -> 0 | L33: =E33+H33+K33 -> 0.33333333
B34: SAFIDY | C34: 0.20833333 | D34: 0.33333333 | E34: =IF(D34>C34,D34-C34,C34-D34) -> 0.125 | H34: =IF(G34>F34,G34-F34,F34-G34) -> 0 | K34: =IF(J34>I34,J34-I34,I34-J34) -> 0 | L34: =E34+H34+K34 -> 0.125
E35: =SUM(E24:E34) -> 1.0416667 | H35: =SUM(H24:H34) -> 0.75 | K35: =SUM(K24:K34) -> 0.5 | L35: =SUM(L24:L34) -> 2.2916667
C37: RECEPTION | G37: MERCREDI | H37: =+H21+1 -> 46246
C38: matin | F38: après-midi | I38: soir
B39: Personne | C39: entrée | D39: sortie | E39: durée | F39: entrée | G39: sortie | H39: durée | I39: entrée | J39: sortie | K39: durée | L39: durée total
A40: P436 | B40: MINOSOA | C40: 0.29166667 | D40: 0.45833333 | E40: =IF(D40>C40,D40-C40,C40-D40) -> 0.16666667 | F40: 0.625 | G40: 0.79166667 | H40: =IF(G40>F40,G40-F40,F40-G40) -> 0.16666667 | K40: =IF(J40>I40,J40-I40,I40-J40) -> 0 | L40: =E40+H40+K40 -> 0.33333333
A41: P024 | B41: MICHELLE | E41: =IF(D41>C41,D41-C41,C41-D41) -> 0 | H41: =IF(G41>F41,G41-F41,F41-G41) -> 0 | K41: =IF(J41>I41,J41-I41,I41-J41) -> 0 | L41: =E41+H41+K41 -> 0 | M41: REPOS
A42: P481 | B42: FANIRY DIANE | C42: 0.33333333 | D42: 0.5 | E42: =IF(D42>C42,D42-C42,C42-D42) -> 0.16666667 | F42: 0.54166667 | G42: 0.70833333 | H42: =IF(G42>F42,G42-F42,F42-G42) -> 0.16666667 | K42: =IF(J42>I42,J42-I42,I42-J42) -> 0 | L42: =E42+H42+K42 -> 0.33333333
A43: P526 | B43: TSIRESY | E43: =IF(D43>C43,D43-C43,C43-D43) -> 0 | F43: 0.70833333 | G43: 0.75 | H43: =IF(G43>F43,G43-F43,F43-G43) -> 0.041666667 | I43: 0.75 | J43: 1 | K43: =IF(J43>I43,J43-I43,I43-J43) -> 0.25 | L43: =E43+H43+K43 -> 0.29166667
A44: P491 | B44: FRANCKY | E44: =IF(D44>C44,D44-C44,C44-D44) -> 0 | F44: 0.70833333 | G44: 0.75 | H44: =IF(G44>F44,G44-F44,F44-G44) -> 0.041666667 | I44: 0.75 | J44: 1 | K44: =IF(J44>I44,J44-I44,I44-J44) -> 0.25 | L44: =E44+H44+K44 -> 0.29166667
A45: P530 | B45: HARSON | C45: 0.20833333 | D45: 0.33333333 | E45: =IF(D45>C45,D45-C45,C45-D45) -> 0.125 | H45: =IF(G45>F45,G45-F45,F45-G45) -> 0 | K45: =IF(J45>I45,J45-I45,I45-J45) -> 0 | L45: =E45+H45+K45 -> 0.125
A46: P549 | B46: SITRAKA | C46: 0.33333333 | D46: 0.5 | E46: =IF(D46>C46,D46-C46,C46-D46) -> 0.16666667 | F46: 0.5 | G46: 0.66666667 | H46: =IF(G46>F46,G46-F46,F46-G46) -> 0.16666667 | K46: =IF(J46>I46,J46-I46,I46-J46) -> 0 | L46: =E46+H46+K46 -> 0.33333333 | M46: REPOS
A47: P548 | B47: HERIS | C47: 0.33333333 | D47: 0.5 | E47: =IF(D47>C47,D47-C47,C47-D47) -> 0.16666667 | H47: =IF(G47>F47,G47-F47,F47-G47) -> 0 | K47: =IF(J47>I47,J47-I47,I47-J47) -> 0 | L47: =E47+H47+K47 -> 0.16666667
B48: SAFIDY | C48: 0.33333333 | D48: 0.5 | E48: =IF(D48>C48,D48-C48,C48-D48) -> 0.16666667 | F48: 0.54166667 | G48: 0.70833333 | H48: =IF(G48>F48,G48-F48,F48-G48) -> 0.16666667 | K48: =IF(J48>I48,J48-I48,I48-J48) -> 0 | L48: =E48+H48+K48 -> 0.33333333
B49: ANGELA | E49: =IF(D49>C49,D49-C49,C49-D49) -> 0 | F49: 0.70833333 | G49: 0.75 | H49: =IF(G49>F49,G49-F49,F49-G49) -> 0.041666667 | I49: 0.75 | J49: 1 | K49: =IF(J49>I49,J49-I49,I49-J49) -> 0.25 | L49: =E49+H49+K49 -> 0.29166667
B50: SYLVIA | E50: =IF(D50>C50,D50-C50,C50-D50) -> 0 | H50: =IF(G50>F50,G50-F50,F50-G50) -> 0 | K50: =IF(J50>I50,J50-I50,I50-J50) -> 0 | L50: =E50+H50+K50 -> 0 | M50: REPOS
E51: =SUM(E40:E50) -> 0.95833333 | H51: =SUM(H40:H50) -> 0.79166667 | K51: =SUM(K40:K50) -> 0.75 | L51: =SUM(L40:L50) -> 2.5
C53: RECEPTION | G53: JEUDI | H53: =+H37+1 -> 46247
C54: matin | F54: après-midi | I54: soir
B55: Personne | C55: entrée | D55: sortie | E55: durée | F55: entrée | G55: sortie | H55: durée | I55: entrée | J55: sortie | K55: durée | L55: durée total
A56: P436 | B56: MINOSOA | C56: 0.27083333 | D56: 0.60416667 | E56: =IF(D56>C56,D56-C56,C56-D56) -> 0.33333333 | H56: =IF(G56>F56,G56-F56,F56-G56) -> 0 | K56: =IF(J56>I56,J56-I56,I56-J56) -> 0 | L56: =E56+H56+K56 -> 0.33333333
A57: P024 | B57: MICHELLE | E57: =IF(D57>C57,D57-C57,C57-D57) -> 0 | H57: =IF(G57>F57,G57-F57,F57-G57) -> 0 | K57: =IF(J57>I57,J57-I57,I57-J57) -> 0 | L57: =E57+H57+K57 -> 0 | M57: REPOS
A58: P481 | B58: FANIRY DIANE | C58: 0.33333333 | D58: 0.5 | E58: =IF(D58>C58,D58-C58,C58-D58) -> 0.16666667 | F58: 0.54166667 | G58: 0.70833333 | H58: =IF(G58>F58,G58-F58,F58-G58) -> 0.16666667 | K58: =IF(J58>I58,J58-I58,I58-J58) -> 0 | L58: =E58+H58+K58 -> 0.33333333
A59: P526 | B59: TSIRESY | C59: 0.20833333 | D59: 0.33333333 | E59: =IF(D59>C59,D59-C59,C59-D59) -> 0.125 | H59: =IF(G59>F59,G59-F59,F59-G59) -> 0 | K59: =IF(J59>I59,J59-I59,I59-J59) -> 0 | L59: =E59+H59+K59 -> 0.125
A60: P491 | B60: FRANCKY | C60: 0.20833333 | D60: 0.33333333 | E60: =IF(D60>C60,D60-C60,C60-D60) -> 0.125 | H60: =IF(G60>F60,G60-F60,F60-G60) -> 0 | K60: =IF(J60>I60,J60-I60,I60-J60) -> 0 | L60: =E60+H60+K60 -> 0.125
A61: P530 | B61: HARSON | E61: =IF(D61>C61,D61-C61,C61-D61) -> 0 | F61: 0.70833333 | G61: 0.75 | H61: =IF(G61>F61,G61-F61,F61-G61) -> 0.041666667 | I61: 0.75 | J61: 1 | K61: =IF(J61>I61,J61-I61,I61-J61) -> 0.25 | L61: =E61+H61+K61 -> 0.29166667
A62: P549 | B62: SITRAKA | C62: 0.33333333 | D62: 0.5 | E62: =IF(D62>C62,D62-C62,C62-D62) -> 0.16666667 | F62: 0.5 | G62: 0.66666667 | H62: =IF(G62>F62,G62-F62,F62-G62) -> 0.16666667 | K62: =IF(J62>I62,J62-I62,I62-J62) -> 0 | L62: =E62+H62+K62 -> 0.33333333
A63: P548 | B63: HERIS | E63: =IF(D63>C63,D63-C63,C63-D63) -> 0 | F63: 0.70833333 | G63: 0.75 | H63: =IF(G63>F63,G63-F63,F63-G63) -> 0.041666667 | I63: 0.75 | J63: 1 | K63: =IF(J63>I63,J63-I63,I63-J63) -> 0.25 | L63: =E63+H63+K63 -> 0.29166667
B64: SAFIDY | E64: =IF(D64>C64,D64-C64,C64-D64) -> 0 | F64: 0.70833333 | G64: 0.75 | H64: =IF(G64>F64,G64-F64,F64-G64) -> 0.041666667 | I64: 0.75 | J64: 1 | K64: =IF(J64>I64,J64-I64,I64-J64) -> 0.25 | L64: =E64+H64+K64 -> 0.29166667
B65: ANGELA | C65: 0.20833333 | D65: 0.33333333 | E65: =IF(D65>C65,D65-C65,C65-D65) -> 0.125 | H65: =IF(G65>F65,G65-F65,F65-G65) -> 0 | K65: =IF(J65>I65,J65-I65,I65-J65) -> 0 | L65: =E65+H65+K65 -> 0.125
B66: SYLVIA | C66: 0.33333333 | D66: 0.5 | E66: =IF(D66>C66,D66-C66,C66-D66) -> 0.16666667 | F66: 0.54166667 | G66: 0.70833333 | H66: =IF(G66>F66,G66-F66,F66-G66) -> 0.16666667 | K66: =IF(J66>I66,J66-I66,I66-J66) -> 0 | L66: =E66+H66+K66 -> 0.33333333
E67: =SUM(E56:E66) -> 1.2083333 | H67: =SUM(H56:H66) -> 0.625 | K67: =SUM(K56:K66) -> 0.75 | L67: =SUM(L56:L66) -> 2.5833333
C69: RECEPTION | G69: VENDREDI | H69: =+H53+1 -> 46248
C70: matin | F70: après-midi | I70: soir
B71: Personne | C71: entrée | D71: sortie | E71: durée | F71: entrée | G71: sortie | H71: durée | I71: entrée | J71: sortie | K71: durée | L71: durée total
A72: P436 | B72: MINOSOA | C72: 0.27083333 | D72: 0.60416667 | E72: =IF(D72>C72,D72-C72,C72-D72) -> 0.33333333 | H72: =IF(G72>F72,G72-F72,F72-G72) -> 0 | K72: =IF(J72>I72,J72-I72,I72-J72) -> 0 | L72: =E72+H72+K72 -> 0.33333333
A73: P024 | B73: MICHELLE | E73: =IF(D73>C73,D73-C73,C73-D73) -> 0 | H73: =IF(G73>F73,G73-F73,F73-G73) -> 0 | K73: =IF(J73>I73,J73-I73,I73-J73) -> 0 | L73: =E73+H73+K73 -> 0 | M73: REPOS
A74: P481 | B74: FANIRY DIANE | E74: =IF(D74>C74,D74-C74,C74-D74) -> 0 | H74: =IF(G74>F74,G74-F74,F74-G74) -> 0 | K74: =IF(J74>I74,J74-I74,I74-J74) -> 0 | L74: =E74+H74+K74 -> 0 | M74: REPOS
A75: P526 | B75: TSIRESY | E75: =IF(D75>C75,D75-C75,C75-D75) -> 0 | F75: 0.70833333 | G75: 0.75 | H75: =IF(G75>F75,G75-F75,F75-G75) -> 0.041666667 | I75: 0.75 | J75: 1 | K75: =IF(J75>I75,J75-I75,I75-J75) -> 0.25 | L75: =E75+H75+K75 -> 0.29166667
A76: P491 | B76: FRANCKY | E76: =IF(D76>C76,D76-C76,C76-D76) -> 0 | F76: 0.70833333 | G76: 0.75 | H76: =IF(G76>F76,G76-F76,F76-G76) -> 0.041666667 | I76: 0.75 | J76: 1 | K76: =IF(J76>I76,J76-I76,I76-J76) -> 0.25 | L76: =E76+H76+K76 -> 0.29166667
A77: P530 | B77: HARSON | C77: 0.20833333 | D77: 0.33333333 | E77: =IF(D77>C77,D77-C77,C77-D77) -> 0.125 | H77: =IF(G77>F77,G77-F77,F77-G77) -> 0 | K77: =IF(J77>I77,J77-I77,I77-J77) -> 0 | L77: =E77+H77+K77 -> 0.125
A78: P549 | B78: SITRAKA | C78: 0.33333333 | D78: 0.5 | E78: =IF(D78>C78,D78-C78,C78-D78) -> 0.16666667 | F78: 0.54166667 | G78: 0.66666667 | H78: =IF(G78>F78,G78-F78,F78-G78) -> 0.125 | K78: =IF(J78>I78,J78-I78,I78-J78) -> 0 | L78: =E78+H78+K78 -> 0.29166667
A79: P548 | B79: HERIS | C79: 0.20833333 | D79: 0.33333333 | E79: =IF(D79>C79,D79-C79,C79-D79) -> 0.125 | H79: =IF(G79>F79,G79-F79,F79-G79) -> 0 | K79: =IF(J79>I79,J79-I79,I79-J79) -> 0 | L79: =E79+H79+K79 -> 0.125
B80: SAFIDY | C80: 0.20833333 | D80: 0.33333333 | E80: =IF(D80>C80,D80-C80,C80-D80) -> 0.125 | H80: =IF(G80>F80,G80-F80,F80-G80) -> 0 | K80: =IF(J80>I80,J80-I80,I80-J80) -> 0 | L80: =E80+H80+K80 -> 0.125
B81: ANGELA | C81: 0.33333333 | D81: 0.5 | E81: =IF(D81>C81,D81-C81,C81-D81) -> 0.16666667 | F81: 0.54166667 | G81: 0.70833333 | H81: =IF(G81>F81,G81-F81,F81-G81) -> 0.16666667 | K81: =IF(J81>I81,J81-I81,I81-J81) -> 0 | L81: =E81+H81+K81 -> 0.33333333
B82: SYLVIA | C82: 0.33333333 | D82: 0.5 | E82: =IF(D82>C82,D82-C82,C82-D82) -> 0.16666667 | F82: 0.54166667 | G82: 0.70833333 | H82: =IF(G82>F82,G82-F82,F82-G82) -> 0.16666667 | K82: =IF(J82>I82,J82-I82,I82-J82) -> 0 | L82: =E82+H82+K82 -> 0.33333333
E83: =SUM(E72:E82) -> 1.2083333 | H83: =SUM(H72:H82) -> 0.54166667 | K83: =SUM(K72:K82) -> 0.5 | L83: =SUM(L72:L82) -> 2.25
C85: RECEPTION | G85: SAMEDI | H85: =+H69+1 -> 46249
C86: matin | F86: après-midi | I86: soir
B87: Personne | C87: entrée | D87: sortie | E87: durée | F87: entrée | G87: sortie | H87: durée | I87: entrée | J87: sortie | K87: durée | L87: durée total
A88: P436 | B88: MINOSOA | E88: =IF(D88>C88,D88-C88,C88-D88) -> 0 | H88: =IF(G88>F88,G88-F88,F88-G88) -> 0 | K88: =IF(J88>I88,J88-I88,I88-J88) -> 0 | L88: =E88+H88+K88 -> 0 | M88: REPOS
A89: P024 | B89: MICHELLE | E89: =IF(D89>C89,D89-C89,C89-D89) -> 0 | H89: =IF(G89>F89,G89-F89,F89-G89) -> 0 | K89: =IF(J89>I89,J89-I89,I89-J89) -> 0 | L89: =E89+H89+K89 -> 0 | M89: REPOS
A90: P481 | B90: FANIRY DIANE | C90: 0.33333333 | D90: 0.5 | E90: =IF(D90>C90,D90-C90,C90-D90) -> 0.16666667 | F90: 0.54166667 | G90: 0.70833333 | H90: =IF(G90>F90,G90-F90,F90-G90) -> 0.16666667 | K90: =IF(J90>I90,J90-I90,I90-J90) -> 0 | L90: =E90+H90+K90 -> 0.33333333
A91: P526 | B91: TSIRESY | C91: 0.20833333 | D91: 0.33333333 | E91: =IF(D91>C91,D91-C91,C91-D91) -> 0.125 | H91: =IF(G91>F91,G91-F91,F91-G91) -> 0 | K91: =IF(J91>I91,J91-I91,I91-J91) -> 0 | L91: =E91+H91+K91 -> 0.125
A92: P491 | B92: FRANCKY | C92: 0.20833333 | D92: 0.33333333 | E92: =IF(D92>C92,D92-C92,C92-D92) -> 0.125 | H92: =IF(G92>F92,G92-F92,F92-G92) -> 0 | K92: =IF(J92>I92,J92-I92,I92-J92) -> 0 | L92: =E92+H92+K92 -> 0.125
A93: P530 | B93: HARSON | E93: =IF(D93>C93,D93-C93,C93-D93) -> 0 | F93: 0.70833333 | G93: 0.75 | H93: =IF(G93>F93,G93-F93,F93-G93) -> 0.041666667 | I93: 0.75 | J93: 1 | K93: =IF(J93>I93,J93-I93,I93-J93) -> 0.25 | L93: =E93+H93+K93 -> 0.29166667
A94: P549 | B94: SITRAKA | C94: 0.33333333 | D94: 0.5 | E94: =IF(D94>C94,D94-C94,C94-D94) -> 0.16666667 | F94: 0.54166667 | G94: 0.66666667 | H94: =IF(G94>F94,G94-F94,F94-G94) -> 0.125 | K94: =IF(J94>I94,J94-I94,I94-J94) -> 0 | L94: =E94+H94+K94 -> 0.29166667 | M94: REPOS
A95: P548 | B95: HERIS | E95: =IF(D95>C95,D95-C95,C95-D95) -> 0 | F95: 0.70833333 | G95: 0.75 | H95: =IF(G95>F95,G95-F95,F95-G95) -> 0.041666667 | I95: 0.75 | J95: 1 | K95: =IF(J95>I95,J95-I95,I95-J95) -> 0.25 | L95: =E95+H95+K95 -> 0.29166667
B96: SAFIDY | C96: 0.33333333 | D96: 0.5 | E96: =IF(D96>C96,D96-C96,C96-D96) -> 0.16666667 | F96: 0.54166667 | G96: 0.70833333 | H96: =IF(G96>F96,G96-F96,F96-G96) -> 0.16666667 | K96: =IF(J96>I96,J96-I96,I96-J96) -> 0 | L96: =E96+H96+K96 -> 0.33333333
B97: ANGELA | E97: =IF(D97>C97,D97-C97,C97-D97) -> 0 | F97: 0.70833333 | G97: 0.75 | H97: =IF(G97>F97,G97-F97,F97-G97) -> 0.041666667 | I97: 0.75 | J97: 1 | K97: =IF(J97>I97,J97-I97,I97-J97) -> 0.25 | L97: =E97+H97+K97 -> 0.29166667
B98: SYLVIA | C98: 0.33333333 | D98: 0.5 | E98: =IF(D98>C98,D98-C98,C98-D98) -> 0.16666667 | F98: 0.54166667 | G98: 0.70833333 | H98: =IF(G98>F98,G98-F98,F98-G98) -> 0.16666667 | K98: =IF(J98>I98,J98-I98,I98-J98) -> 0 | L98: =E98+H98+K98 -> 0.33333333
E99: =SUM(E88:E98) -> 0.91666667 | H99: =SUM(H88:H98) -> 0.75 | K99: =SUM(K88:K98) -> 0.75 | L99: =SUM(L88:L98) -> 2.4166667
C101: RECEPTION | G101: DIMANCHE | H101: =+H85+1 -> 46250
C102: matin | F102: après-midi | I102: soir
B103: Personne | C103: entrée | D103: sortie | E103: durée | F103: entrée | G103: sortie | H103: durée | I103: entrée | J103: sortie | K103: durée | L103: durée total
A104: P436 | B104: MINOSOA | C104: 0.33333333 | D104: 0.58333333 | E104: =IF(D104>C104,D104-C104,C104-D104) -> 0.25 | H104: =IF(G104>F104,G104-F104,F104-G104) -> 0 | K104: =IF(J104>I104,J104-I104,I104-J104) -> 0 | L104: =E104+H104+K104 -> 0.25
A105: P024 | B105: MICHELLE | E105: =IF(D105>C105,D105-C105,C105-D105) -> 0 | H105: =IF(G105>F105,G105-F105,F105-G105) -> 0 | K105: =IF(J105>I105,J105-I105,I105-J105) -> 0 | L105: =E105+H105+K105 -> 0 | M105: REPOS
A106: P481 | B106: FANIRY DIANE | C106: 0.33333333 | D106: 0.5 | E106: =IF(D106>C106,D106-C106,C106-D106) -> 0.16666667 | F106: 0.54166667 | G106: 0.70833333 | H106: =IF(G106>F106,G106-F106,F106-G106) -> 0.16666667 | K106: =IF(J106>I106,J106-I106,I106-J106) -> 0 | L106: =E106+H106+K106 -> 0.33333333
A107: P526 | B107: TSIRESY | E107: =IF(D107>C107,D107-C107,C107-D107) -> 0 | F107: 0.70833333 | G107: 0.75 | H107: =IF(G107>F107,G107-F107,F107-G107) -> 0.041666667 | I107: 0.75 | J107: 1 | K107: =IF(J107>I107,J107-I107,I107-J107) -> 0.25 | L107: =E107+H107+K107 -> 0.29166667
A108: P491 | B108: FRANCKY | E108: =IF(D108>C108,D108-C108,C108-D108) -> 0 | F108: 0.70833333 | G108: 0.75 | H108: =IF(G108>F108,G108-F108,F108-G108) -> 0.041666667 | I108: 0.75 | J108: 1 | K108: =IF(J108>I108,J108-I108,I108-J108) -> 0.25 | L108: =E108+H108+K108 -> 0.29166667
A109: P530 | B109: HARSON | C109: 0.20833333 | D109: 0.33333333 | E109: =IF(D109>C109,D109-C109,C109-D109) -> 0.125 | H109: =IF(G109>F109,G109-F109,F109-G109) -> 0 | K109: =IF(J109>I109,J109-I109,I109-J109) -> 0 | L109: =E109+H109+K109 -> 0.125
...

Sheet GOUVERNANTE
E2: EMPLOI DU TEMPS GOUVERNANTE WEEK 36
C5: GOUVERNANTE | G5: LUNDI | H5: =+RECEPTION!H5 -> 46244
C6: matin | F6: après-midi | I6: soir
B7: Personne | C7: entrée | D7: sortie | E7: durée | F7: entrée | G7: sortie | H7: durée | I7: entrée | J7: sortie | K7: durée | L7: durée total
A8: P228 | B8: DESIREE | E8: =IF(D8>C8,D8-C8,C8-D8) -> 0 | H8: =IF(G8>F8,G8-F8,F8-G8) -> 0 | K8: =IF(J8>I8,J8-I8,I8-J8) -> 0 | L8: =E8+H8+K8 -> 0 | M8: REPOS
A9: P188 | B9: BERTHINE | C9: 0.29166667 | D9: 0.5 | E9: =IF(D9>C9,D9-C9,C9-D9) -> 0.20833333 | F9: 0.52083333 | G9: 0.66666667 | H9: =IF(G9>F9,G9-F9,F9-G9) -> 0.14583333 | K9: =IF(J9>I9,J9-I9,I9-J9) -> 0 | L9: =E9+H9+K9 -> 0.35416667
A10: P346 | B10: SYRIAH | C10: 0.33333333 | D10: 0.5 | E10: =IF(D10>C10,D10-C10,C10-D10) -> 0.16666667 | F10: 0.64583333 | G10: 0.79166667 | H10: =IF(G10>F10,G10-F10,F10-G10) -> 0.14583333 | K10: =IF(J10>I10,J10-I10,I10-J10) -> 0 | L10: =E10+H10+K10 -> 0.3125 | M10: REPOS
E11: =SUM(E8:E10) -> 0.375 | H11: =SUM(H8:H10) -> 0.29166667 | K11: =SUM(K8:K10) -> 0 | L11: =SUM(L8:L10) -> 0.66666667
C13: GOUVERNANTE | G13: MARDI | H13: =+H5+1 -> 46245
C14: matin | F14: après-midi | I14: soir
B15: Personne | C15: entrée | D15: sortie | E15: durée | F15: entrée | G15: sortie | H15: durée | I15: entrée | J15: sortie | K15: durée | L15: durée total
A16: P228 | B16: DESIREE | E16: =IF(D16>C16,D16-C16,C16-D16) -> 0 | H16: =IF(G16>F16,G16-F16,F16-G16) -> 0 | K16: =IF(J16>I16,J16-I16,I16-J16) -> 0 | L16: =E16+H16+K16 -> 0 | M16: REPOS
A17: P188 | B17: BERTHINE | C17: 0.29166667 | D17: 0.5 | E17: =IF(D17>C17,D17-C17,C17-D17) -> 0.20833333 | F17: 0.52083333 | G17: 0.66666667 | H17: =IF(G17>F17,G17-F17,F17-G17) -> 0.14583333 | K17: =IF(J17>I17,J17-I17,I17-J17) -> 0 | L17: =E17+H17+K17 -> 0.35416667
A18: P346 | B18: SYRIAH | C18: 0.33333333 | D18: 0.5 | E18: =IF(D18>C18,D18-C18,C18-D18) -> 0.16666667 | F18: 0.64583333 | G18: 0.79166667 | H18: =IF(G18>F18,G18-F18,F18-G18) -> 0.14583333 | K18: =IF(J18>I18,J18-I18,I18-J18) -> 0 | L18: =E18+H18+K18 -> 0.3125
E19: =SUM(E16:E18) -> 0.375 | H19: =SUM(H16:H18) -> 0.29166667 | K19: =SUM(K16:K18) -> 0 | L19: =SUM(L16:L18) -> 0.66666667
C21: GOUVERNANTE | G21: MERCREDI | H21: =+H13+1 -> 46246
C22: matin | F22: après-midi | I22: soir
B23: Personne | C23: entrée | D23: sortie | E23: durée | F23: entrée | G23: sortie | H23: durée | I23: entrée | J23: sortie | K23: durée | L23: durée total
A24: P228 | B24: DESIREE | E24: =IF(D24>C24,D24-C24,C24-D24) -> 0 | H24: =IF(G24>F24,G24-F24,F24-G24) -> 0 | K24: =IF(J24>I24,J24-I24,I24-J24) -> 0 | L24: =E24+H24+K24 -> 0 | M24: REPOS
A25: P188 | B25: BERTHINE | C25: 0.3125 | D25: 0.5 | E25: =IF(D25>C25,D25-C25,C25-D25) -> 0.1875 | F25: 0.52083333 | G25: 0.66666667 | H25: =IF(G25>F25,G25-F25,F25-G25) -> 0.14583333 | K25: =IF(J25>I25,J25-I25,I25-J25) -> 0 | L25: =E25+H25+K25 -> 0.33333333
A26: P346 | B26: SYRIAH | E26: =IF(D26>C26,D26-C26,C26-D26) -> 0 | H26: =IF(G26>F26,G26-F26,F26-G26) -> 0 | K26: =IF(J26>I26,J26-I26,I26-J26) -> 0 | L26: =E26+H26+K26 -> 0 | M26: REPOS
E27: =SUM(E24:E26) -> 0.1875 | H27: =SUM(H24:H26) -> 0.14583333 | K27: =SUM(K24:K26) -> 0 | L27: =SUM(L24:L26) -> 0.33333333
C29: GOUVERNANTE | G29: JEUDI | H29: =+H21+1 -> 46247
C30: matin | F30: après-midi | I30: soir
B31: Personne | C31: entrée | D31: sortie | E31: durée | F31: entrée | G31: sortie | H31: durée | I31: entrée | J31: sortie | K31: durée | L31: durée total
A32: P228 | B32: DESIREE | E32: =IF(D32>C32,D32-C32,C32-D32) -> 0 | H32: =IF(G32>F32,G32-F32,F32-G32) -> 0 | K32: =IF(J32>I32,J32-I32,I32-J32) -> 0 | L32: =E32+H32+K32 -> 0 | M32: REPOS
A33: P188 | B33: BERTHINE | C33: 0.29166667 | D33: 0.5 | E33: =IF(D33>C33,D33-C33,C33-D33) -> 0.20833333 | F33: 0.52083333 | G33: 0.66666667 | H33: =IF(G33>F33,G33-F33,F33-G33) -> 0.14583333 | K33: =IF(J33>I33,J33-I33,I33-J33) -> 0 | L33: =E33+H33+K33 -> 0.35416667
A34: P346 | B34: SYRIAH | C34: 0.33333333 | D34: 0.5 | E34: =IF(D34>C34,D34-C34,C34-D34) -> 0.16666667 | F34: 0.64583333 | G34: 0.79166667 | H34: =IF(G34>F34,G34-F34,F34-G34) -> 0.14583333 | K34: =IF(J34>I34,J34-I34,I34-J34) -> 0 | L34: =E34+H34+K34 -> 0.3125
E35: =SUM(E32:E34) -> 0.375 | H35: =SUM(H32:H34) -> 0.29166667 | K35: =SUM(K32:K34) -> 0 | L35: =SUM(L32:L34) -> 0.66666667
C37: GOUVERNANTE | G37: VENDREDI | H37: =+H29+1 -> 46248
C38: matin | F38: après-midi | I38: soir
B39: Personne | C39: entrée | D39: sortie | E39: durée | F39: entrée | G39: sortie | H39: durée | I39: entrée | J39: sortie | K39: durée | L39: durée total
A40: P228 | B40: DESIREE | E40: =IF(D40>C40,D40-C40,C40-D40) -> 0 | H40: =IF(G40>F40,G40-F40,F40-G40) -> 0 | K40: =IF(J40>I40,J40-I40,I40-J40) -> 0 | L40: =E40+H40+K40 -> 0 | M40: REPOS
A41: P188 | B41: BERTHINE | C41: 0.29166667 | D41: 0.5 | E41: =IF(D41>C41,D41-C41,C41-D41) -> 0.20833333 | F41: 0.52083333 | G41: 0.66666667 | H41: =IF(G41>F41,G41-F41,F41-G41) -> 0.14583333 | K41: =IF(J41>I41,J41-I41,I41-J41) -> 0 | L41: =E41+H41+K41 -> 0.35416667 | M41: REPOS
A42: P346 | B42: SYRIAH | C42: 0.33333333 | D42: 0.5 | E42: =IF(D42>C42,D42-C42,C42-D42) -> 0.16666667 | F42: 0.64583333 | G42: 0.79166667 | H42: =IF(G42>F42,G42-F42,F42-G42) -> 0.14583333 | K42: =IF(J42>I42,J42-I42,I42-J42) -> 0 | L42: =E42+H42+K42 -> 0.3125
E43: =SUM(E40:E42) -> 0.375 | H43: =SUM(H40:H42) -> 0.29166667 | K43: =SUM(K40:K42) -> 0 | L43: =SUM(L40:L42) -> 0.66666667
C45: GOUVERNANTE | G45: SAMEDI | H45: =+H37+1 -> 46249
C46: matin | F46: après-midi | I46: soir
B47: Personne | C47: entrée | D47: sortie | E47: durée | F47: entrée | G47: sortie | H47: durée | I47: entrée | J47: sortie | K47: durée | L47: durée total
A48: P228 | B48: DESIREE | E48: =IF(D48>C48,D48-C48,C48-D48) -> 0 | H48: =IF(G48>F48,G48-F48,F48-G48) -> 0 | K48: =IF(J48>I48,J48-I48,I48-J48) -> 0 | L48: =E48+H48+K48 -> 0 | M48: REPOS
A49: P188 | B49: BERTHINE | E49: =IF(D49>C49,D49-C49,C49-D49) -> 0 | H49: =IF(G49>F49,G49-F49,F49-G49) -> 0 | K49: =IF(J49>I49,J49-I49,I49-J49) -> 0 | L49: =E49+H49+K49 -> 0 | M49: REPOS
A50: P346 | B50: SYRIAH | C50: 0.33333333 | D50: 0.5 | E50: =IF(D50>C50,D50-C50,C50-D50) -> 0.16666667 | F50: 0.64583333 | G50: 0.79166667 | H50: =IF(G50>F50,G50-F50,F50-G50) -> 0.14583333 | K50: =IF(J50>I50,J50-I50,I50-J50) -> 0 | L50: =E50+H50+K50 -> 0.3125
E51: =SUM(E48:E50) -> 0.16666667 | H51: =SUM(H48:H50) -> 0.14583333 | K51: =SUM(K48:K50) -> 0 | L51: =SUM(L48:L50) -> 0.3125
C53: GOUVERNANTE | G53: DIMANCHE | H53: =+H45+1 -> 46250
C54: matin | F54: après-midi | I54: soir
B55: Personne | C55: entrée | D55: sortie | E55: durée | F55: entrée | G55: sortie | H55: durée | I55: entrée | J55: sortie | K55: durée | L55: durée total
A56: P228 | B56: DESIREE | E56: =IF(D56>C56,D56-C56,C56-D56) -> 0 | H56: =IF(G56>F56,G56-F56,F56-G56) -> 0 | K56: =IF(J56>I56,J56-I56,I56-J56) -> 0 | L56: =E56+H56+K56 -> 0 | M56: REPOS
A57: P188 | B57: BERTHINE | C57: 0.29166667 | D57: 0.5 | E57: =IF(D57>C57,D57-C57,C57-D57) -> 0.20833333 | F57: 0.52083333 | G57: 0.66666667 | H57: =IF(G57>F57,G57-F57,F57-G57) -> 0.14583333 | K57: =IF(J57>I57,J57-I57,I57-J57) -> 0 | L57: =E57+H57+K57 -> 0.35416667
A58: P346 | B58: SYRIAH | C58: 0.33333333 | D58: 0.5 | E58: =IF(D58>C58,D58-C58,C58-D58) -> 0.16666667 | F58: 0.64583333 | G58: 0.70833333 | H58: =IF(G58>F58,G58-F58,F58-G58) -> 0.0625 | K58: =IF(J58>I58,J58-I58,I58-J58) -> 0 | L58: =E58+H58+K58 -> 0.22916667
E59: =SUM(E56:E58) -> 0.375 | H59: =SUM(H56:H58) -> 0.20833333 | K59: =SUM(K56:K58) -> 0 | L59: =SUM(L56:L58) -> 0.58333333
B62: DESIREE | C62: =+L8+L16+L24+L32+L40+L48+L56 -> 0
B63: BERTHINE | C63: =+L9+L17+L25+L33+L41+L49+L57 -> 2.1041667
B64: SYRIAH | C64: =+L10+L18+L26+L34+L42+L50+L58 -> 1.7916667

Sheet PISCINE
E2: EMPLOI DU TEMPS PISCINE WEEK 37
C5: PISCINE | G5: =+GOUVERNANTE!G5 -> LUNDI | H5: =+GOUVERNANTE!H5 -> 46244
C6: matin | F6: après-midi | I6: soir
B7: Personne | C7: entrée | D7: sortie | E7: durée | F7: entrée | G7: sortie | H7: durée | I7: entrée | J7: sortie | K7: durée | L7: durée total
A8: P400 | B8: FENO | C8: 0.25 | D8: 0.5 | E8: =IF(D8>C8,D8-C8,C8-D8) -> 0.25 | F8: 0.5 | G8: 0.58333333 | H8: =IF(G8>F8,G8-F8,F8-G8) -> 0.083333333 | K8: =IF(J8>I8,J8-I8,I8-J8) -> 0 | L8: =E8+H8+K8 -> 0.33333333
A9: P360 | B9: HANTA | E9: =IF(D9>C9,D9-C9,C9-D9) -> 0 | F9: 0.625 | G9: 0.75 | H9: =IF(G9>F9,G9-F9,F9-G9) -> 0.125 | I9: 0.75 | J9: 0.91666667 | K9: =IF(J9>I9,J9-I9,I9-J9) -> 0.16666667 | L9: =E9+H9+K9 -> 0.29166667
A10: P433 | B10: MELINE | C10: 0.3125 | D10: 0.5 | E10: =IF(D10>C10,D10-C10,C10-D10) -> 0.1875 | F10: 0.5 | G10: 0.64583333 | H10: =IF(G10>F10,G10-F10,F10-G10) -> 0.14583333 | K10: =IF(J10>I10,J10-I10,I10-J10) -> 0 | L10: =E10+H10+K10 -> 0.33333333 | M10: REPOS
E11: =SUM(E8:E10) -> 0.4375 | H11: =SUM(H8:H10) -> 0.35416667 | K11: =SUM(K8:K10) -> 0.16666667 | L11: =SUM(L8:L10) -> 0.95833333
C13: PISCINE | G13: =+GOUVERNANTE!G13 -> MARDI | H13: =+H5+1 -> 46245
C14: matin | F14: après-midi | I14: soir
B15: Personne | C15: entrée | D15: sortie | E15: durée | F15: entrée | G15: sortie | H15: durée | I15: entrée | J15: sortie | K15: durée | L15: durée total
A16: P400 | B16: FENO | C16: 0.25 | D16: 0.5 | E16: =IF(D16>C16,D16-C16,C16-D16) -> 0.25 | F16: 0.5 | G16: 0.58333333 | H16: =IF(G16>F16,G16-F16,F16-G16) -> 0.083333333 | K16: =IF(J16>I16,J16-I16,I16-J16) -> 0 | L16: =E16+H16+K16 -> 0.33333333
A17: P360 | B17: HANTA | E17: =IF(D17>C17,D17-C17,C17-D17) -> 0 | F17: 0.58333333 | G17: 0.75 | H17: =IF(G17>F17,G17-F17,F17-G17) -> 0.16666667 | I17: 0.75 | J17: 0.91666667 | K17: =IF(J17>I17,J17-I17,I17-J17) -> 0.16666667 | L17: =E17+H17+K17 -> 0.33333333 | M17: REPOS
A18: P433 | B18: MELINE | E18: =IF(D18>C18,D18-C18,C18-D18) -> 0 | H18: =IF(G18>F18,G18-F18,F18-G18) -> 0 | K18: =IF(J18>I18,J18-I18,I18-J18) -> 0 | L18: =E18+H18+K18 -> 0 | M18: REPOS
E19: =SUM(E16:E18) -> 0.25 | H19: =SUM(H16:H18) -> 0.25 | K19: =SUM(K16:K18) -> 0.16666667 | L19: =SUM(L16:L18) -> 0.66666667
C21: PISCINE | G21: =+GOUVERNANTE!G21 -> MERCREDI | H21: =+H13+1 -> 46246
C22: matin | F22: après-midi | I22: soir
B23: Personne | C23: entrée | D23: sortie | E23: durée | F23: entrée | G23: sortie | H23: durée | I23: entrée | J23: sortie | K23: durée | L23: durée total
A24: P400 | B24: FENO | C24: 0.25 | D24: 0.5 | E24: =IF(D24>C24,D24-C24,C24-D24) -> 0.25 | F24: 0.5 | G24: 0.58333333 | H24: =IF(G24>F24,G24-F24,F24-G24) -> 0.083333333 | K24: =IF(J24>I24,J24-I24,I24-J24) -> 0 | L24: =E24+H24+K24 -> 0.33333333
A25: P360 | B25: HANTA | C25: 0.41666667 | D25: 0.5 | E25: =IF(D25>C25,D25-C25,C25-D25) -> 0.083333333 | F25: 0.5 | G25: 0.75 | H25: =IF(G25>F25,G25-F25,F25-G25) -> 0.25 | K25: =IF(J25>I25,J25-I25,I25-J25) -> 0 | L25: =E25+H25+K25 -> 0.33333333
A26: P433 | B26: MELINE | E26: =IF(D26>C26,D26-C26,C26-D26) -> 0 | F26: 0.58333333 | G26: 0.75 | H26: =IF(G26>F26,G26-F26,F26-G26) -> 0.16666667 | I26: 0.75 | J26: 0.91666667 | K26: =IF(J26>I26,J26-I26,I26-J26) -> 0.16666667 | L26: =E26+H26+K26 -> 0.33333333
E27: =SUM(E24:E26) -> 0.33333333 | H27: =SUM(H24:H26) -> 0.5 | K27: =SUM(K24:K26) -> 0.16666667 | L27: =SUM(L24:L26) -> 1
C29: PISCINE | G29: =+GOUVERNANTE!G29 -> JEUDI | H29: =+H21+1 -> 46247
C30: matin | F30: après-midi | I30: soir
B31: Personne | C31: entrée | D31: sortie | E31: durée | F31: entrée | G31: sortie | H31: durée | I31: entrée | J31: sortie | K31: durée | L31: durée total
A32: P400 | B32: FENO | C32: 0.25 | D32: 0.5 | E32: =IF(D32>C32,D32-C32,C32-D32) -> 0.25 | F32: 0.5 | G32: 0.58333333 | H32: =IF(G32>F32,G32-F32,F32-G32) -> 0.083333333 | K32: =IF(J32>I32,J32-I32,I32-J32) -> 0 | L32: =E32+H32+K32 -> 0.33333333
A33: P360 | B33: HANTA | E33: =IF(D33>C33,D33-C33,C33-D33) -> 0 | F33: 0.625 | G33: 0.75 | H33: =IF(G33>F33,G33-F33,F33-G33) -> 0.125 | I33: 0.75 | J33: 0.91666667 | K33: =IF(J33>I33,J33-I33,I33-J33) -> 0.16666667 | L33: =E33+H33+K33 -> 0.29166667 | M33: REPOS
A34: P433 | B34: MELINE | C34: 0.3125 | D34: 0.5 | E34: =IF(D34>C34,D34-C34,C34-D34) -> 0.1875 | F34: 0.5 | G34: 0.64583333 | H34: =IF(G34>F34,G34-F34,F34-G34) -> 0.14583333 | K34: =IF(J34>I34,J34-I34,I34-J34) -> 0 | L34: =E34+H34+K34 -> 0.33333333
E35: =SUM(E32:E34) -> 0.4375 | H35: =SUM(H32:H34) -> 0.35416667 | K35: =SUM(K32:K34) -> 0.16666667 | L35: =SUM(L32:L34) -> 0.95833333
C37: PISCINE | G37: =+GOUVERNANTE!G37 -> VENDREDI | H37: =+H29+1 -> 46248
C38: matin | F38: après-midi | I38: soir
B39: Personne | C39: entrée | D39: sortie | E39: durée | F39: entrée | G39: sortie | H39: durée | I39: entrée | J39: sortie | K39: durée | L39: durée total
A40: P400 | B40: FENO | E40: =IF(D40>C40,D40-C40,C40-D40) -> 0 | H40: =IF(G40>F40,G40-F40,F40-G40) -> 0 | K40: =IF(J40>I40,J40-I40,I40-J40) -> 0 | L40: =E40+H40+K40 -> 0 | M40: REPOS
A41: P360 | B41: HANTA | E41: =IF(D41>C41,D41-C41,C41-D41) -> 0 | F41: 0.58333333 | G41: 0.75 | H41: =IF(G41>F41,G41-F41,F41-G41) -> 0.16666667 | I41: 0.75 | J41: 0.91666667 | K41: =IF(J41>I41,J41-I41,I41-J41) -> 0.16666667 | L41: =E41+H41+K41 -> 0.33333333
A42: P433 | B42: MELINE | C42: 0.25 | D42: 0.5 | E42: =IF(D42>C42,D42-C42,C42-D42) -> 0.25 | F42: 0.5 | G42: 0.58333333 | H42: =IF(G42>F42,G42-F42,F42-G42) -> 0.083333333 | K42: =IF(J42>I42,J42-I42,I42-J42) -> 0 | L42: =E42+H42+K42 -> 0.33333333
E43: =SUM(E40:E42) -> 0.25 | H43: =SUM(H40:H42) -> 0.25 | I43: 0 | K43: =SUM(K40:K42) -> 0.16666667 | L43: =SUM(L40:L42) -> 0.66666667
C45: PISCINE | G45: =+GOUVERNANTE!G45 -> SAMEDI | H45: =+H37+1 -> 46249
C46: matin | F46: après-midi | I46: soir
B47: Personne | C47: entrée | D47: sortie | E47: durée | F47: entrée | G47: sortie | H47: durée | I47: entrée | J47: sortie | K47: durée | L47: durée total
A48: P400 | B48: FENO | C48: 0.25 | D48: 0.5 | E48: =IF(D48>C48,D48-C48,C48-D48) -> 0.25 | F48: 0.5 | G48: 0.58333333 | H48: =IF(G48>F48,G48-F48,F48-G48) -> 0.083333333 | K48: =IF(J48>I48,J48-I48,I48-J48) -> 0 | L48: =E48+H48+K48 -> 0.33333333
A49: P360 | B49: HANTA | E49: =IF(D49>C49,D49-C49,C49-D49) -> 0 | F49: 0.625 | G49: 0.75 | H49: =IF(G49>F49,G49-F49,F49-G49) -> 0.125 | I49: 0.75 | J49: 0.91666667 | K49: =IF(J49>I49,J49-I49,I49-J49) -> 0.16666667 | L49: =E49+H49+K49 -> 0.29166667
A50: P433 | B50: MELINE | C50: 0.375 | D50: 0.5 | E50: =IF(D50>C50,D50-C50,C50-D50) -> 0.125 | F50: 0.5 | G50: 0.70833333 | H50: =IF(G50>F50,G50-F50,F50-G50) -> 0.20833333 | K50: =IF(J50>I50,J50-I50,I50-J50) -> 0 | L50: =E50+H50+K50 -> 0.33333333 | M50: REPOS
E51: =SUM(E48:E50) -> 0.375 | H51: =SUM(H48:H50) -> 0.41666667 | K51: =SUM(K48:K50) -> 0.16666667 | L51: =SUM(L48:L50) -> 0.95833333
C53: PISCINE | G53: =+GOUVERNANTE!G53 -> DIMANCHE | H53: =+H45+1 -> 46250
C54: matin | F54: après-midi | I54: soir
B55: Personne | C55: entrée | D55: sortie | E55: durée | F55: entrée | G55: sortie | H55: durée | I55: entrée | J55: sortie | K55: durée | L55: durée total
A56: P400 | B56: FENO | C56: 0.25 | D56: 0.5 | E56: =IF(D56>C56,D56-C56,C56-D56) -> 0.25 | F56: 0.5 | G56: 0.58333333 | H56: =IF(G56>F56,G56-F56,F56-G56) -> 0.083333333 | K56: =IF(J56>I56,J56-I56,I56-J56) -> 0 | L56: =E56+H56+K56 -> 0.33333333
A57: P360 | B57: HANTA | E57: =IF(D57>C57,D57-C57,C57-D57) -> 0 | F57: 0.625 | G57: 0.75 | H57: =IF(G57>F57,G57-F57,F57-G57) -> 0.125 | I57: 0.75 | J57: 0.91666667 | K57: =IF(J57>I57,J57-I57,I57-J57) -> 0.16666667 | L57: =E57+H57+K57 -> 0.29166667 | M57: REPOS
A58: P433 | B58: MELINE | C58: 0.375 | D58: 0.5 | E58: =IF(D58>C58,D58-C58,C58-D58) -> 0.125 | F58: 0.5 | G58: 0.70833333 | H58: =IF(G58>F58,G58-F58,F58-G58) -> 0.20833333 | K58: =IF(J58>I58,J58-I58,I58-J58) -> 0 | L58: =E58+H58+K58 -> 0.33333333
E59: =SUM(E56:E58) -> 0.375 | H59: =SUM(H56:H58) -> 0.41666667 | K59: =SUM(K56:K58) -> 0.16666667 | L59: =SUM(L56:L58) -> 0.95833333
B61: FENO | C61: =+L8+L16+L24+L32+L40+L48+L56 -> 2
B62: HANTA | C62: =+L9+L17+L25+L33+L41+L49+L57 -> 2.1666667
B63: MELINE | C63: =+L10+L18+L26+L34+L42+L50+L58 -> 2

Sheet SERVICE ETAGE
E2: EMPLOI DU TEMPS SERVICE ETAGE WEEK 36
C5: SERVICE ETAGE | G5: LUNDI | H5: =+PISCINE!H5 -> 46244
C6: matin | F6: après-midi | I6: soir
B7: Personne | C7: entrée | D7: sortie | E7: durée | F7: entrée | G7: sortie | H7: durée | I7: entrée | J7: sortie | K7: durée | L7: durée total
A8: P193 | B8: BRIGITTE | C8: 0.3125 | D8: 0.5 | E8: =IF(D8>C8,D8-C8,C8-D8) -> 0.1875 | F8: 0.52083333 | G8: 0.66666667 | H8: =IF(G8>F8,G8-F8,F8-G8) -> 0.14583333 | K8: =IF(J8>I8,J8-I8,I8-J8) -> 0 | L8: =E8+H8+K8 -> 0.33333333
A9: P295 | B9: DANIELA | C9: 0.29166667 | D9: 0.5 | E9: =IF(D9>C9,D9-C9,C9-D9) -> 0.20833333 | F9: 0.52083333 | G9: 0.64583333 | H9: =IF(G9>F9,G9-F9,F9-G9) -> 0.125 | K9: =IF(J9>I9,J9-I9,I9-J9) -> 0 | L9: =E9+H9+K9 -> 0.33333333
A10: P432 | B10: ANGELINE | C10: 0.3125 | D10: 0.5 | E10: =IF(D10>C10,D10-C10,C10-D10) -> 0.1875 | F10: 0.52083333 | G10: 0.70833333 | H10: =IF(G10>F10,G10-F10,F10-G10) -> 0.1875 | K10: =IF(J10>I10,J10-I10,I10-J10) -> 0 | L10: =E10+H10+K10 -> 0.375
A11: P359 | B11: NIRINA | C11: 0.3125 | D11: 0.5 | E11: =IF(D11>C11,D11-C11,C11-D11) -> 0.1875 | F11: 0.52083333 | G11: 0.70833333 | H11: =IF(G11>F11,G11-F11,F11-G11) -> 0.1875 | K11: =IF(J11>I11,J11-I11,I11-J11) -> 0 | L11: =E11+H11+K11 -> 0.375
A12: P427 | B12: TSILAVINA | C12: 0.29166667 | D12: 0.5 | E12: =IF(D12>C12,D12-C12,C12-D12) -> 0.20833333 | F12: 0.52083333 | G12: 0.64583333 | H12: =IF(G12>F12,G12-F12,F12-G12) -> 0.125 | K12: =IF(J12>I12,J12-I12,I12-J12) -> 0 | L12: =E12+H12+K12 -> 0.33333333 | M12: REPOS
A13: P488 | B13: CLAUDINE | E13: =IF(D13>C13,D13-C13,C13-D13) -> 0 | H13: =IF(G13>F13,G13-F13,F13-G13) -> 0 | K13: =IF(J13>I13,J13-I13,I13-J13) -> 0 | L13: =E13+H13+K13 -> 0 | M13: REPOS
A14: Extra | B14: JEANNINE | C14: 0.3125 | D14: 0.5 | E14: =IF(D14>C14,D14-C14,C14-D14) -> 0.1875 | F14: 0.52083333 | G14: 0.66666667 | H14: =IF(G14>F14,G14-F14,F14-G14) -> 0.14583333 | K14: =IF(J14>I14,J14-I14,I14-J14) -> 0 | L14: =E14+H14+K14 -> 0.33333333
A15: Extra | B15: AVOTRA | C15: 0.3125 | D15: 0.5 | E15: =IF(D15>C15,D15-C15,C15-D15) -> 0.1875 | F15: 0.52083333 | G15: 0.66666667 | H15: =IF(G15>F15,G15-F15,F15-G15) -> 0.14583333 | K15: =IF(J15>I15,J15-I15,I15-J15) -> 0 | L15: =E15+H15+K15 -> 0.33333333
B16: DIARY | C16: 0.3125 | D16: 0.5 | E16: =IF(D16>C16,D16-C16,C16-D16) -> 0.1875 | F16: 0.52083333 | G16: 0.66666667 | H16: =IF(G16>F16,G16-F16,F16-G16) -> 0.14583333 | K16: =IF(J16>I16,J16-I16,I16-J16) -> 0 | L16: =E16+H16+K16 -> 0.33333333
